08/11/2013 11:42:13,1,20000,26,62
08/11/2013 11:42:14,1,20000,25,70
08/11/2013 11:42:14,1,20000,39,64
08/11/2013 11:42:15,1,20000,28,64
08/11/2013 11:42:15,1,20000,39,63
08/11/2013 11:42:16,1,20000,19,63
08/11/2013 11:42:16,1,20000,20,62
08/11/2013 11:42:17,1,20000,27,64
08/11/2013 11:42:17,1,20000,20,67
08/11/2013 11:42:18,1,20000,25,62
08/11/2013 11:42:18,1,40000,32,81
08/11/2013 11:42:19,1,40000,37,74
08/11/2013 11:42:19,1,40000,34,79
08/11/2013 11:42:20,1,40000,45,82
08/11/2013 11:42:20,1,40000,32,77
08/11/2013 11:42:21,1,40000,34,78
08/11/2013 11:42:22,1,40000,28,80
08/11/2013 11:42:22,1,40000,32,77
08/11/2013 11:42:23,1,40000,34,79
08/11/2013 11:42:23,1,40000,34,76
08/11/2013 11:42:24,1,60000,54,84
08/11/2013 11:42:24,1,60000,39,83
08/11/2013 11:42:25,1,60000,36,82
08/11/2013 11:42:26,1,60000,52,89
08/11/2013 11:42:26,1,60000,51,80
08/11/2013 11:42:27,1,60000,41,81
08/11/2013 11:42:27,1,60000,46,85
08/11/2013 11:42:28,1,60000,38,77
08/11/2013 11:42:28,1,60000,39,85
08/11/2013 11:42:29,1,60000,43,78
08/11/2013 11:42:30,1,80000,47,89
08/11/2013 11:42:30,1,80000,48,91
08/11/2013 11:42:31,1,80000,38,86
08/11/2013 11:42:31,1,80000,43,86
08/11/2013 11:42:32,1,80000,47,91
08/11/2013 11:42:32,1,80000,40,93
08/11/2013 11:42:33,1,80000,44,93
08/11/2013 11:42:34,1,80000,48,94
08/11/2013 11:42:34,1,80000,45,90
08/11/2013 11:42:35,1,80000,36,88
08/11/2013 11:42:35,1,100000,39,90
08/11/2013 11:42:36,1,100000,51,91
08/11/2013 11:42:37,1,100000,48,89
08/11/2013 11:42:37,1,100000,46,89
08/11/2013 11:42:38,1,100000,46,94
08/11/2013 11:42:38,1,100000,43,88
08/11/2013 11:42:39,1,100000,47,93
08/11/2013 11:42:39,1,100000,45,94
08/11/2013 11:42:40,1,100000,50,91
08/11/2013 11:42:41,1,100000,47,93
08/11/2013 11:42:41,1,200000,73,98
08/11/2013 11:42:42,1,200000,73,97
08/11/2013 11:42:42,1,200000,74,102
08/11/2013 11:42:43,1,200000,81,94
08/11/2013 11:42:44,1,200000,63,94
08/11/2013 11:42:44,1,200000,77,101
08/11/2013 11:42:45,1,200000,77,96
08/11/2013 11:42:46,1,200000,75,97
08/11/2013 11:42:46,1,200000,72,98
08/11/2013 11:42:47,1,200000,70,101
08/11/2013 11:42:47,1,400000,97,109
08/11/2013 11:42:48,1,400000,108,112
08/11/2013 11:42:49,1,400000,114,121
08/11/2013 11:42:50,1,400000,108,112
08/11/2013 11:42:50,1,400000,109,113
08/11/2013 11:42:51,1,400000,108,114
08/11/2013 11:42:52,1,400000,108,117
08/11/2013 11:42:52,1,400000,114,114
08/11/2013 11:42:53,1,400000,109,118
08/11/2013 11:42:54,1,400000,110,111
08/11/2013 11:42:54,1,600000,154,133
08/11/2013 11:42:55,1,600000,163,141
08/11/2013 11:42:56,1,600000,158,137
08/11/2013 11:42:57,1,600000,154,130
08/11/2013 11:42:58,1,600000,154,140
08/11/2013 11:42:58,1,600000,154,130
08/11/2013 11:42:59,1,600000,154,127
08/11/2013 11:43:00,1,600000,155,139
08/11/2013 11:43:01,1,600000,157,138
08/11/2013 11:43:02,1,600000,153,126
08/11/2013 11:43:02,1,800000,197,180
08/11/2013 11:43:03,1,800000,205,184
08/11/2013 11:43:04,1,800000,212,184
08/11/2013 11:43:05,1,800000,192,182
08/11/2013 11:43:06,1,800000,190,178
08/11/2013 11:43:07,1,800000,199,189
08/11/2013 11:43:08,1,800000,190,189
08/11/2013 11:43:09,1,800000,173,180
08/11/2013 11:43:09,1,800000,184,189
08/11/2013 11:43:10,1,800000,198,190
08/11/2013 11:43:11,1,1000000,287,175
08/11/2013 11:43:12,1,1000000,280,184
08/11/2013 11:43:13,1,1000000,276,174
08/11/2013 11:43:14,1,1000000,276,183
08/11/2013 11:43:15,1,1000000,279,169
08/11/2013 11:43:16,1,1000000,277,172
08/11/2013 11:43:17,1,1000000,277,173
08/11/2013 11:43:18,1,1000000,303,189
08/11/2013 11:43:19,1,1000000,276,166
08/11/2013 11:43:20,1,1000000,276,164
08/11/2013 11:43:21,1,2000000,509,295
08/11/2013 11:43:23,1,2000000,511,322
08/11/2013 11:43:24,1,2000000,521,296
08/11/2013 11:43:26,1,2000000,523,307
08/11/2013 11:43:27,1,2000000,510,303
08/11/2013 11:43:28,1,2000000,512,296
08/11/2013 11:43:30,1,2000000,509,307
08/11/2013 11:43:31,1,2000000,524,298
08/11/2013 11:43:32,1,2000000,501,303
08/11/2013 11:43:34,1,2000000,513,299
08/11/2013 11:43:36,1,4000000,984,489
08/11/2013 11:43:38,1,4000000,997,463
08/11/2013 11:43:40,1,4000000,979,456
08/11/2013 11:43:42,1,4000000,1027,460
08/11/2013 11:43:44,1,4000000,1005,478
08/11/2013 11:43:46,1,4000000,1025,449
08/11/2013 11:43:49,1,4000000,1147,492
08/11/2013 11:43:51,1,4000000,1005,498
08/11/2013 11:43:53,1,4000000,1022,460
08/11/2013 11:43:55,1,4000000,1007,460
08/11/2013 11:43:58,1,6000000,1426,605
08/11/2013 11:44:01,1,6000000,1467,586
08/11/2013 11:44:04,1,6000000,1614,600
08/11/2013 11:44:06,1,6000000,1463,594
08/11/2013 11:44:09,1,6000000,1444,597
08/11/2013 11:44:12,1,6000000,1414,670
08/11/2013 11:44:15,1,6000000,1367,680
08/11/2013 11:44:18,1,6000000,1421,613
08/11/2013 11:44:20,1,6000000,1576,598
08/11/2013 11:44:23,1,6000000,1455,610
08/11/2013 11:44:27,1,8000000,2065,775
08/11/2013 11:44:31,1,8000000,2039,761
08/11/2013 11:44:34,1,8000000,2066,768
08/11/2013 11:44:38,1,8000000,2015,834
08/11/2013 11:44:42,1,8000000,2064,854
08/11/2013 11:44:45,1,8000000,2078,752
08/11/2013 11:44:49,1,8000000,2026,839
08/11/2013 11:44:53,1,8000000,2002,779
08/11/2013 11:44:56,1,8000000,2070,832
08/11/2013 11:45:00,1,8000000,2072,827
08/11/2013 11:45:04,1,10000000,2380,926
08/11/2013 11:45:09,1,10000000,2380,921
08/11/2013 11:45:13,1,10000000,2379,925
08/11/2013 11:45:17,1,10000000,2469,1023
08/11/2013 11:45:21,1,10000000,2411,925
08/11/2013 11:45:26,1,10000000,2421,926
08/11/2013 11:45:30,1,10000000,2415,905
08/11/2013 11:45:34,1,10000000,2462,931
08/11/2013 11:45:39,1,10000000,2367,1017
08/11/2013 11:45:43,1,10000000,2422,928
08/11/2013 11:45:51,1,20000000,5015,1793
08/11/2013 11:45:59,1,20000000,4945,1793
08/11/2013 11:46:07,1,20000000,5144,1789
08/11/2013 11:46:15,1,20000000,5005,1827
08/11/2013 11:46:24,1,20000000,4994,2033
08/11/2013 11:46:32,1,20000000,5044,1785
08/11/2013 11:46:40,1,20000000,4881,2031
08/11/2013 11:46:48,1,20000000,4947,1787
08/11/2013 11:46:56,1,20000000,4888,1805
08/11/2013 11:47:04,1,20000000,5003,1807
08/11/2013 11:47:20,1,40000000,10026,3359
08/11/2013 11:47:35,1,40000000,10116,3371
08/11/2013 11:47:51,1,40000000,10154,3361
08/11/2013 11:48:07,1,40000000,10351,3731
08/11/2013 11:48:23,1,40000000,10259,3359
08/11/2013 11:48:38,1,40000000,10135,3374
08/11/2013 11:48:54,1,40000000,10373,3392
08/11/2013 11:49:10,1,40000000,10082,3369
08/11/2013 11:49:26,1,40000000,10004,3430
08/11/2013 11:49:42,1,40000000,10189,3711
08/11/2013 11:50:05,1,60000000,15835,4618
08/11/2013 11:50:31,1,60000000,17371,5046
08/11/2013 11:50:56,1,60000000,17884,4554
08/11/2013 11:51:20,1,60000000,15664,4846
08/11/2013 11:51:45,1,60000000,17416,4881
08/11/2013 11:52:08,1,60000000,15426,4648
08/11/2013 11:52:31,1,60000000,15349,4833
08/11/2013 11:52:56,1,60000000,17550,4811
08/11/2013 11:53:19,1,60000000,15595,4771
08/11/2013 11:53:45,1,60000000,17862,4631
08/11/2013 11:54:19,1,80000000,24088,6576
08/11/2013 11:54:53,1,80000000,24127,6022
08/11/2013 11:55:25,1,80000000,21564,6710
08/11/2013 11:55:56,1,80000000,20956,6063
08/11/2013 11:56:27,1,80000000,20811,6931
08/11/2013 11:56:58,1,80000000,20736,6024
08/11/2013 11:57:30,1,80000000,21282,6862
08/11/2013 11:58:01,1,80000000,20962,6360
08/11/2013 11:58:34,1,80000000,23639,6114
08/11/2013 11:59:06,1,80000000,20820,7077
08/11/2013 11:59:49,1,100000000,30928,7485
08/12/2013 12:00:28,1,100000000,27150,7747
08/12/2013 12:01:08,1,100000000,27336,7666
08/12/2013 12:01:48,1,100000000,26856,8892
08/12/2013 12:02:31,1,100000000,30101,7718
08/12/2013 12:03:09,1,100000000,26168,7485
08/12/2013 12:03:49,1,100000000,26681,8778
08/12/2013 12:04:29,1,100000000,26791,8905
08/12/2013 12:05:08,1,100000000,26845,7766
08/12/2013 12:05:46,1,100000000,26541,7522
08/12/2013 12:05:47,2,20000,31,56
08/12/2013 12:05:48,2,20000,29,56
08/12/2013 12:05:48,2,20000,27,56
08/12/2013 12:05:49,2,20000,32,61
08/12/2013 12:05:49,2,20000,35,59
08/12/2013 12:05:50,2,20000,26,62
08/12/2013 12:05:50,2,20000,29,60
08/12/2013 12:05:51,2,20000,26,55
08/12/2013 12:05:51,2,20000,32,55
08/12/2013 12:05:52,2,20000,32,61
08/12/2013 12:05:52,2,40000,41,71
08/12/2013 12:05:53,2,40000,39,70
08/12/2013 12:05:54,2,40000,56,73
08/12/2013 12:05:54,2,40000,38,71
08/12/2013 12:05:55,2,40000,43,71
08/12/2013 12:05:55,2,40000,36,72
08/12/2013 12:05:56,2,40000,58,71
08/12/2013 12:05:56,2,40000,39,70
08/12/2013 12:05:57,2,40000,39,70
08/12/2013 12:05:58,2,40000,33,74
08/12/2013 12:05:58,2,60000,40,75
08/12/2013 12:05:59,2,60000,38,76
08/12/2013 12:05:59,2,60000,39,73
08/12/2013 12:06:00,2,60000,41,77
08/12/2013 12:06:00,2,60000,49,71
08/12/2013 12:06:01,2,60000,41,71
08/12/2013 12:06:02,2,60000,54,71
08/12/2013 12:06:02,2,60000,53,69
08/12/2013 12:06:03,2,60000,39,72
08/12/2013 12:06:03,2,60000,37,73
08/12/2013 12:06:04,2,80000,52,73
08/12/2013 12:06:04,2,80000,40,77
08/12/2013 12:06:05,2,80000,47,78
08/12/2013 12:06:06,2,80000,46,74
08/12/2013 12:06:06,2,80000,58,73
08/12/2013 12:06:07,2,80000,51,77
08/12/2013 12:06:07,2,80000,45,72
08/12/2013 12:06:08,2,80000,41,74
08/12/2013 12:06:08,2,80000,43,76
08/12/2013 12:06:09,2,80000,48,75
08/12/2013 12:06:10,2,100000,67,76
08/12/2013 12:06:10,2,100000,56,72
08/12/2013 12:06:11,2,100000,63,73
08/12/2013 12:06:11,2,100000,57,72
08/12/2013 12:06:12,2,100000,49,72
08/12/2013 12:06:13,2,100000,58,72
08/12/2013 12:06:13,2,100000,67,73
08/12/2013 12:06:14,2,100000,57,76
08/12/2013 12:06:14,2,100000,55,77
08/12/2013 12:06:15,2,100000,60,71
08/12/2013 12:06:16,2,200000,55,90
08/12/2013 12:06:16,2,200000,58,95
08/12/2013 12:06:17,2,200000,60,95
08/12/2013 12:06:17,2,200000,73,96
08/12/2013 12:06:18,2,200000,61,94
08/12/2013 12:06:19,2,200000,54,95
08/12/2013 12:06:19,2,200000,52,90
08/12/2013 12:06:20,2,200000,61,97
08/12/2013 12:06:21,2,200000,67,91
08/12/2013 12:06:21,2,200000,53,96
08/12/2013 12:06:22,2,400000,80,122
08/12/2013 12:06:23,2,400000,83,117
08/12/2013 12:06:23,2,400000,76,116
08/12/2013 12:06:24,2,400000,103,115
08/12/2013 12:06:25,2,400000,91,120
08/12/2013 12:06:25,2,400000,92,123
08/12/2013 12:06:26,2,400000,79,117
08/12/2013 12:06:27,2,400000,80,115
08/12/2013 12:06:28,2,400000,80,119
08/12/2013 12:06:28,2,400000,87,113
08/12/2013 12:06:29,2,600000,94,137
08/12/2013 12:06:30,2,600000,104,144
08/12/2013 12:06:31,2,600000,101,136
08/12/2013 12:06:31,2,600000,105,140
08/12/2013 12:06:32,2,600000,103,137
08/12/2013 12:06:33,2,600000,101,170
08/12/2013 12:06:34,2,600000,97,136
08/12/2013 12:06:34,2,600000,100,150
08/12/2013 12:06:35,2,600000,111,149
08/12/2013 12:06:36,2,600000,130,138
08/12/2013 12:06:37,2,800000,149,166
08/12/2013 12:06:38,2,800000,157,163
08/12/2013 12:06:39,2,800000,150,171
08/12/2013 12:06:39,2,800000,153,169
08/12/2013 12:06:40,2,800000,151,168
08/12/2013 12:06:41,2,800000,157,168
08/12/2013 12:06:42,2,800000,158,169
08/12/2013 12:06:43,2,800000,157,165
08/12/2013 12:06:44,2,800000,141,177
08/12/2013 12:06:45,2,800000,150,171
08/12/2013 12:06:45,2,1000000,173,192
08/12/2013 12:06:46,2,1000000,169,195
08/12/2013 12:06:47,2,1000000,184,183
08/12/2013 12:06:48,2,1000000,182,185
08/12/2013 12:06:49,2,1000000,190,187
08/12/2013 12:06:50,2,1000000,182,199
08/12/2013 12:06:51,2,1000000,178,200
08/12/2013 12:06:52,2,1000000,169,182
08/12/2013 12:06:53,2,1000000,182,188
08/12/2013 12:06:54,2,1000000,168,181
08/12/2013 12:06:55,2,2000000,297,304
08/12/2013 12:06:56,2,2000000,295,302
08/12/2013 12:06:58,2,2000000,313,300
08/12/2013 12:06:59,2,2000000,285,334
08/12/2013 12:07:00,2,2000000,300,306
08/12/2013 12:07:02,2,2000000,269,311
08/12/2013 12:07:03,2,2000000,299,303
08/12/2013 12:07:04,2,2000000,291,302
08/12/2013 12:07:06,2,2000000,316,305
08/12/2013 12:07:07,2,2000000,302,337
08/12/2013 12:07:09,2,4000000,540,515
08/12/2013 12:07:11,2,4000000,546,598
08/12/2013 12:07:13,2,4000000,587,521
08/12/2013 12:07:15,2,4000000,610,522
08/12/2013 12:07:17,2,4000000,547,515
08/12/2013 12:07:19,2,4000000,595,589
08/12/2013 12:07:21,2,4000000,566,556
08/12/2013 12:07:23,2,4000000,594,516
08/12/2013 12:07:25,2,4000000,558,533
08/12/2013 12:07:27,2,4000000,538,519
08/12/2013 12:07:29,2,6000000,881,781
08/12/2013 12:07:32,2,6000000,754,782
08/12/2013 12:07:35,2,6000000,777,776
08/12/2013 12:07:37,2,6000000,757,777
08/12/2013 12:07:40,2,6000000,762,856
08/12/2013 12:07:42,2,6000000,788,780
08/12/2013 12:07:45,2,6000000,763,785
08/12/2013 12:07:48,2,6000000,843,777
08/12/2013 12:07:50,2,6000000,839,776
08/12/2013 12:07:53,2,6000000,755,776
08/12/2013 12:07:56,2,8000000,1109,949
08/12/2013 12:08:00,2,8000000,1183,952
08/12/2013 12:08:03,2,8000000,1286,1060
08/12/2013 12:08:06,2,8000000,1156,953
08/12/2013 12:08:10,2,8000000,1085,958
08/12/2013 12:08:13,2,8000000,1163,945
08/12/2013 12:08:17,2,8000000,1089,947
08/12/2013 12:08:20,2,8000000,1102,950
08/12/2013 12:08:23,2,8000000,1204,1064
08/12/2013 12:08:27,2,8000000,1189,950
08/12/2013 12:08:31,2,10000000,1215,1228
08/12/2013 12:08:34,2,10000000,1259,1341
08/12/2013 12:08:39,2,10000000,1256,1383
08/12/2013 12:08:43,2,10000000,1214,1282
08/12/2013 12:08:47,2,10000000,1371,1276
08/12/2013 12:08:51,2,10000000,1242,1227
08/12/2013 12:08:55,2,10000000,1222,1227
08/12/2013 12:08:59,2,10000000,1282,1223
08/12/2013 12:09:03,2,10000000,1321,1401
08/12/2013 12:09:07,2,10000000,1398,1363
08/12/2013 12:09:15,2,20000000,2817,2564
08/12/2013 12:09:22,2,20000000,2907,2560
08/12/2013 12:09:30,2,20000000,2549,2301
08/12/2013 12:09:37,2,20000000,2812,2305
08/12/2013 12:09:46,2,20000000,2887,2557
08/12/2013 12:09:53,2,20000000,2464,2323
08/12/2013 12:10:00,2,20000000,2493,2325
08/12/2013 12:10:08,2,20000000,2577,2315
08/12/2013 12:10:15,2,20000000,2493,2313
08/12/2013 12:10:23,2,20000000,2825,2572
08/12/2013 12:10:36,2,40000000,5291,4518
08/12/2013 12:10:51,2,40000000,5130,4561
08/12/2013 12:11:05,2,40000000,5843,4522
08/12/2013 12:11:19,2,40000000,5329,5051
08/12/2013 12:11:33,2,40000000,5273,5042
08/12/2013 12:11:48,2,40000000,5861,5019
08/12/2013 12:12:01,2,40000000,5209,4463
08/12/2013 12:12:16,2,40000000,5324,4418
08/12/2013 12:12:29,2,40000000,5298,4494
08/12/2013 12:12:44,2,40000000,5257,4472
08/12/2013 12:13:05,2,60000000,8126,6634
08/12/2013 12:13:25,2,60000000,7995,7488
08/12/2013 12:13:47,2,60000000,8022,6605
08/12/2013 12:14:09,2,60000000,8884,6596
08/12/2013 12:14:30,2,60000000,8140,6578
08/12/2013 12:14:52,2,60000000,8915,7281
08/12/2013 12:15:12,2,60000000,7894,6488
08/12/2013 12:15:34,2,60000000,8030,6519
08/12/2013 12:15:55,2,60000000,9017,7519
08/12/2013 12:16:16,2,60000000,8028,6589
08/12/2013 12:16:44,2,80000000,10517,9016
08/12/2013 12:17:10,2,80000000,10402,9122
08/12/2013 12:17:40,2,80000000,11972,9992
08/12/2013 12:18:09,2,80000000,12101,9970
08/12/2013 12:18:38,2,80000000,11971,9079
08/12/2013 12:19:05,2,80000000,10549,9011
08/12/2013 12:19:32,2,80000000,10795,9068
08/12/2013 12:20:01,2,80000000,11887,10008
08/12/2013 12:20:29,2,80000000,12301,9043
08/12/2013 12:20:55,2,80000000,10691,9072
08/12/2013 12:21:28,2,100000000,13597,10646
08/12/2013 12:22:01,2,100000000,13950,10641
08/12/2013 12:22:35,2,100000000,14013,10589
08/12/2013 12:23:11,2,100000000,14063,10599
08/12/2013 12:23:45,2,100000000,14001,10651
08/12/2013 12:24:18,2,100000000,13645,10584
08/12/2013 12:24:51,2,100000000,13729,10623
08/12/2013 12:25:25,2,100000000,13847,10561
08/12/2013 12:25:58,2,100000000,13714,10477
08/12/2013 12:26:35,2,100000000,13731,10636
08/12/2013 12:26:36,4,20000,39,66
08/12/2013 12:26:36,4,20000,34,68
08/12/2013 12:26:37,4,20000,37,74
08/12/2013 12:26:37,4,20000,35,71
08/12/2013 12:26:38,4,20000,43,64
08/12/2013 12:26:38,4,20000,51,71
08/12/2013 12:26:39,4,20000,28,64
08/12/2013 12:26:40,4,20000,41,65
08/12/2013 12:26:40,4,20000,35,66
08/12/2013 12:26:41,4,20000,34,65
08/12/2013 12:26:41,4,40000,41,72
08/12/2013 12:26:42,4,40000,41,69
08/12/2013 12:26:42,4,40000,66,60
08/12/2013 12:26:43,4,40000,43,74
08/12/2013 12:26:43,4,40000,58,60
08/12/2013 12:26:44,4,40000,46,69
08/12/2013 12:26:45,4,40000,44,69
08/12/2013 12:26:45,4,40000,45,72
08/12/2013 12:26:46,4,40000,57,68
08/12/2013 12:26:46,4,40000,27,73
08/12/2013 12:26:47,4,60000,49,77
08/12/2013 12:26:47,4,60000,56,75
08/12/2013 12:26:48,4,60000,44,76
08/12/2013 12:26:49,4,60000,66,62
08/12/2013 12:26:49,4,60000,59,74
08/12/2013 12:26:50,4,60000,59,72
08/12/2013 12:26:50,4,60000,68,62
08/12/2013 12:26:51,4,60000,46,79
08/12/2013 12:26:52,4,60000,67,62
08/12/2013 12:26:52,4,60000,51,74
08/12/2013 12:26:53,4,80000,49,73
08/12/2013 12:26:53,4,80000,65,78
08/12/2013 12:26:54,4,80000,49,74
08/12/2013 12:26:55,4,80000,65,72
08/12/2013 12:26:55,4,80000,55,81
08/12/2013 12:26:56,4,80000,70,73
08/12/2013 12:26:56,4,80000,70,74
08/12/2013 12:26:57,4,80000,68,77
08/12/2013 12:26:58,4,80000,56,73
08/12/2013 12:26:58,4,80000,67,75
08/12/2013 12:26:59,4,100000,65,77
08/12/2013 12:26:59,4,100000,68,82
08/12/2013 12:27:00,4,100000,67,75
08/12/2013 12:27:01,4,100000,76,78
08/12/2013 12:27:01,4,100000,67,80
08/12/2013 12:27:02,4,100000,58,74
08/12/2013 12:27:03,4,100000,64,80
08/12/2013 12:27:03,4,100000,59,77
08/12/2013 12:27:04,4,100000,66,76
08/12/2013 12:27:04,4,100000,67,76
08/12/2013 12:27:05,4,200000,63,99
08/12/2013 12:27:06,4,200000,64,96
08/12/2013 12:27:06,4,200000,66,93
08/12/2013 12:27:07,4,200000,53,110
08/12/2013 12:27:08,4,200000,74,105
08/12/2013 12:27:08,4,200000,66,103
08/12/2013 12:27:09,4,200000,54,105
08/12/2013 12:27:10,4,200000,60,106
08/12/2013 12:27:10,4,200000,59,97
08/12/2013 12:27:11,4,200000,60,104
08/12/2013 12:27:12,4,400000,70,135
08/12/2013 12:27:12,4,400000,67,139
08/12/2013 12:27:13,4,400000,66,154
08/12/2013 12:27:14,4,400000,72,134
08/12/2013 12:27:15,4,400000,75,135
08/12/2013 12:27:15,4,400000,86,135
08/12/2013 12:27:16,4,400000,62,156
08/12/2013 12:27:17,4,400000,69,140
08/12/2013 12:27:18,4,400000,59,137
08/12/2013 12:27:18,4,400000,61,141
08/12/2013 12:27:19,4,600000,129,170
08/12/2013 12:27:20,4,600000,130,171
08/12/2013 12:27:21,4,600000,120,169
08/12/2013 12:27:22,4,600000,114,170
08/12/2013 12:27:22,4,600000,131,172
08/12/2013 12:27:23,4,600000,134,168
08/12/2013 12:27:24,4,600000,115,192
08/12/2013 12:27:25,4,600000,114,167
08/12/2013 12:27:26,4,600000,115,171
08/12/2013 12:27:27,4,600000,126,171
08/12/2013 12:27:28,4,800000,163,205
08/12/2013 12:27:29,4,800000,129,235
08/12/2013 12:27:30,4,800000,150,230
08/12/2013 12:27:31,4,800000,172,202
08/12/2013 12:27:32,4,800000,145,233
08/12/2013 12:27:33,4,800000,169,204
08/12/2013 12:27:34,4,800000,164,204
08/12/2013 12:27:35,4,800000,128,230
08/12/2013 12:27:36,4,800000,136,225
08/12/2013 12:27:37,4,800000,123,204
08/12/2013 12:27:38,4,1000000,146,243
08/12/2013 12:27:39,4,1000000,135,272
08/12/2013 12:27:40,4,1000000,150,246
08/12/2013 12:27:41,4,1000000,159,246
08/12/2013 12:27:42,4,1000000,149,242
08/12/2013 12:27:43,4,1000000,132,242
08/12/2013 12:27:44,4,1000000,147,245
08/12/2013 12:27:45,4,1000000,141,243
08/12/2013 12:27:46,4,1000000,155,289
08/12/2013 12:27:47,4,1000000,161,249
08/12/2013 12:27:49,4,2000000,222,463
08/12/2013 12:27:50,4,2000000,209,423
08/12/2013 12:27:51,4,2000000,229,425
08/12/2013 12:27:53,4,2000000,207,414
08/12/2013 12:27:54,4,2000000,212,418
08/12/2013 12:27:56,4,2000000,208,417
08/12/2013 12:27:57,4,2000000,232,438
08/12/2013 12:27:58,4,2000000,200,420
08/12/2013 12:28:00,4,2000000,206,422
08/12/2013 12:28:01,4,2000000,210,417
08/12/2013 12:28:03,4,4000000,329,752
08/12/2013 12:28:05,4,4000000,346,759
08/12/2013 12:28:09,4,4000000,363,863
08/12/2013 12:28:11,4,4000000,340,766
08/12/2013 12:28:13,4,4000000,357,766
08/12/2013 12:28:16,4,4000000,369,768
08/12/2013 12:28:18,4,4000000,343,764
08/12/2013 12:28:20,4,4000000,319,760
08/12/2013 12:28:23,4,4000000,323,879
08/12/2013 12:28:25,4,4000000,329,755
08/12/2013 12:28:28,4,6000000,507,1139
08/12/2013 12:28:32,4,6000000,472,1282
08/12/2013 12:28:35,4,6000000,464,1291
08/12/2013 12:28:39,4,6000000,499,1263
08/12/2013 12:28:42,4,6000000,440,1114
08/12/2013 12:28:45,4,6000000,525,1287
08/12/2013 12:28:49,4,6000000,442,1128
08/12/2013 12:28:52,4,6000000,471,1168
08/12/2013 12:28:55,4,6000000,525,1236
08/12/2013 12:28:58,4,6000000,490,1166
08/12/2013 12:29:02,4,8000000,664,1473
08/12/2013 12:29:07,4,8000000,673,1482
08/12/2013 12:29:10,4,8000000,659,1507
08/12/2013 12:29:15,4,8000000,667,1500
08/12/2013 12:29:19,4,8000000,665,1470
08/12/2013 12:29:22,4,8000000,676,1482
08/12/2013 12:29:26,4,8000000,651,1489
08/12/2013 12:29:30,4,8000000,651,1496
08/12/2013 12:29:34,4,8000000,619,1481
08/12/2013 12:29:38,4,8000000,666,1664
08/12/2013 12:29:43,4,10000000,776,1900
08/12/2013 12:29:48,4,10000000,769,1851
08/12/2013 12:29:52,4,10000000,784,1828
08/12/2013 12:29:57,4,10000000,726,1868
08/12/2013 12:30:02,4,10000000,797,1827
08/12/2013 12:30:07,4,10000000,805,1860
08/12/2013 12:30:11,4,10000000,799,1882
08/12/2013 12:30:17,4,10000000,778,2134
08/12/2013 12:30:22,4,10000000,780,1836
08/12/2013 12:30:27,4,10000000,768,1850
08/12/2013 12:30:35,4,20000000,1404,3474
08/12/2013 12:30:46,4,20000000,1528,3478
08/12/2013 12:30:54,4,20000000,1539,3562
08/12/2013 12:31:02,4,20000000,1553,4216
08/12/2013 12:31:11,4,20000000,1625,3595
08/12/2013 12:31:20,4,20000000,1434,4132
08/12/2013 12:31:28,4,20000000,1608,3506
08/12/2013 12:31:36,4,20000000,1718,3401
08/12/2013 12:31:44,4,20000000,1537,3551
08/12/2013 12:31:57,4,20000000,1611,3490
08/12/2013 12:32:12,4,40000000,2768,6973
08/12/2013 12:32:28,4,40000000,3127,8127
08/12/2013 12:32:44,4,40000000,2755,7051
08/12/2013 12:33:00,4,40000000,3216,8034
08/12/2013 12:33:23,4,40000000,2721,7821
08/12/2013 12:33:40,4,40000000,2703,7754
08/12/2013 12:33:56,4,40000000,3009,7021
08/12/2013 12:34:12,4,40000000,2928,7883
08/12/2013 12:34:27,4,40000000,2831,6955
08/12/2013 12:34:44,4,40000000,3058,7730
08/12/2013 12:35:07,4,60000000,4685,10253
08/12/2013 12:35:31,4,60000000,4695,11336
08/12/2013 12:35:56,4,60000000,4395,12085
08/12/2013 12:36:19,4,60000000,4281,10193
08/12/2013 12:36:42,4,60000000,4576,11870
08/12/2013 12:37:06,4,60000000,4650,10396
08/12/2013 12:37:28,4,60000000,4615,10217
08/12/2013 12:37:51,4,60000000,4774,10245
08/12/2013 12:38:15,4,60000000,4103,10333
08/12/2013 12:38:40,4,60000000,4648,10347
08/12/2013 12:39:11,4,80000000,5650,15763
08/12/2013 12:39:43,4,80000000,6393,13758
08/12/2013 12:40:12,4,80000000,5670,13315
08/12/2013 12:40:42,4,80000000,5714,15188
08/12/2013 12:41:11,4,80000000,6146,13557
08/12/2013 12:41:39,4,80000000,6399,13417
08/12/2013 12:42:08,4,80000000,6417,13400
08/12/2013 12:42:38,4,80000000,6402,13427
08/12/2013 12:43:07,4,80000000,6218,13329
08/12/2013 12:43:37,4,80000000,6279,13402
08/12/2013 12:44:16,4,100000000,7064,17205
08/12/2013 12:44:53,4,100000000,7186,17361
08/12/2013 12:45:31,4,100000000,7851,16718
08/12/2013 12:46:07,4,100000000,8089,17225
08/12/2013 12:47:04,4,100000000,7176,19612
08/12/2013 12:48:03,4,100000000,7054,19944
08/12/2013 12:48:41,4,100000000,7316,17167
08/12/2013 12:49:21,4,100000000,6996,20068
08/12/2013 12:49:58,4,100000000,7977,17448
08/12/2013 12:50:34,4,100000000,7862,17088
08/12/2013 12:50:35,8,20000,35,55
08/12/2013 12:50:36,8,20000,46,55
08/12/2013 12:50:36,8,20000,46,55
08/12/2013 12:50:37,8,20000,41,55
08/12/2013 12:50:37,8,20000,40,58
08/12/2013 12:50:38,8,20000,35,54
08/12/2013 12:50:38,8,20000,47,70
08/12/2013 12:50:39,8,20000,49,55
08/12/2013 12:50:39,8,20000,61,55
08/12/2013 12:50:40,8,20000,36,54
08/12/2013 12:50:41,8,40000,50,61
08/12/2013 12:50:41,8,40000,62,61
08/12/2013 12:50:42,8,40000,63,73
08/12/2013 12:50:42,8,40000,59,61
08/12/2013 12:50:43,8,40000,65,68
08/12/2013 12:50:44,8,40000,76,72
08/12/2013 12:50:44,8,40000,47,72
08/12/2013 12:50:45,8,40000,73,62
08/12/2013 12:50:45,8,40000,30,61
08/12/2013 12:50:46,8,40000,78,68
08/12/2013 12:50:46,8,60000,57,75
08/12/2013 12:50:47,8,60000,60,77
08/12/2013 12:50:48,8,60000,70,81
08/12/2013 12:50:48,8,60000,51,75
08/12/2013 12:50:49,8,60000,60,73
08/12/2013 12:50:50,8,60000,91,85
08/12/2013 12:50:50,8,60000,76,81
08/12/2013 12:50:51,8,60000,58,75
08/12/2013 12:50:52,8,60000,54,76
08/12/2013 12:50:52,8,60000,59,75
08/12/2013 12:50:53,8,80000,57,86
08/12/2013 12:50:53,8,80000,74,83
08/12/2013 12:50:54,8,80000,78,80
08/12/2013 12:50:55,8,80000,54,83
08/12/2013 12:50:55,8,80000,54,90
08/12/2013 12:50:56,8,80000,64,84
08/12/2013 12:50:57,8,80000,74,80
08/12/2013 12:50:57,8,80000,59,82
08/12/2013 12:50:58,8,80000,56,79
08/12/2013 12:50:58,8,80000,61,82
08/12/2013 12:50:59,8,100000,59,88
08/12/2013 12:51:00,8,100000,50,92
08/12/2013 12:51:00,8,100000,59,94
08/12/2013 12:51:01,8,100000,86,95
08/12/2013 12:51:02,8,100000,68,89
08/12/2013 12:51:02,8,100000,50,87
08/12/2013 12:51:03,8,100000,56,86
08/12/2013 12:51:04,8,100000,50,86
08/12/2013 12:51:04,8,100000,67,95
08/12/2013 12:51:05,8,100000,57,87
08/12/2013 12:51:06,8,200000,85,129
08/12/2013 12:51:06,8,200000,64,117
08/12/2013 12:51:07,8,200000,74,126
08/12/2013 12:51:08,8,200000,75,117
08/12/2013 12:51:08,8,200000,68,116
08/12/2013 12:51:09,8,200000,78,118
08/12/2013 12:51:10,8,200000,57,133
08/12/2013 12:51:10,8,200000,82,121
08/12/2013 12:51:11,8,200000,60,120
08/12/2013 12:51:12,8,200000,86,119
08/12/2013 12:51:13,8,400000,80,177
08/12/2013 12:51:13,8,400000,83,180
08/12/2013 12:51:14,8,400000,70,180
08/12/2013 12:51:15,8,400000,65,176
08/12/2013 12:51:16,8,400000,60,182
08/12/2013 12:51:17,8,400000,82,202
08/12/2013 12:51:18,8,400000,69,178
08/12/2013 12:51:18,8,400000,74,181
08/12/2013 12:51:19,8,400000,66,177
08/12/2013 12:51:20,8,400000,56,185
08/12/2013 12:51:21,8,600000,74,270
08/12/2013 12:51:22,8,600000,76,247
08/12/2013 12:51:22,8,600000,81,239
08/12/2013 12:51:23,8,600000,121,274
08/12/2013 12:51:24,8,600000,111,242
08/12/2013 12:51:25,8,600000,137,284
08/12/2013 12:51:26,8,600000,80,249
08/12/2013 12:51:27,8,600000,121,277
08/12/2013 12:51:28,8,600000,91,314
08/12/2013 12:51:29,8,600000,111,301
08/12/2013 12:51:30,8,800000,141,310
08/12/2013 12:51:32,8,800000,120,343
08/12/2013 12:51:33,8,800000,114,335
08/12/2013 12:51:34,8,800000,134,308
08/12/2013 12:51:35,8,800000,115,309
08/12/2013 12:51:36,8,800000,123,307
08/12/2013 12:51:37,8,800000,137,305
08/12/2013 12:51:38,8,800000,136,308
08/12/2013 12:51:39,8,800000,113,307
08/12/2013 12:51:40,8,800000,119,309
08/12/2013 12:51:41,8,1000000,149,401
08/12/2013 12:51:42,8,1000000,121,378
08/12/2013 12:51:43,8,1000000,89,411
08/12/2013 12:51:44,8,1000000,121,403
08/12/2013 12:51:46,8,1000000,87,410
08/12/2013 12:51:47,8,1000000,127,404
08/12/2013 12:51:48,8,1000000,88,448
08/12/2013 12:51:49,8,1000000,147,406
08/12/2013 12:51:50,8,1000000,121,402
08/12/2013 12:51:51,8,1000000,80,414
08/12/2013 12:51:53,8,2000000,182,679
08/12/2013 12:51:55,8,2000000,199,689
08/12/2013 12:51:56,8,2000000,190,686
08/12/2013 12:51:58,8,2000000,173,681
08/12/2013 12:52:00,8,2000000,173,686
08/12/2013 12:52:01,8,2000000,152,669
08/12/2013 12:52:03,8,2000000,153,686
08/12/2013 12:52:05,8,2000000,175,680
08/12/2013 12:52:07,8,2000000,175,669
08/12/2013 12:52:08,8,2000000,209,679
08/12/2013 12:52:12,8,4000000,295,1362
08/12/2013 12:52:14,8,4000000,271,1261
08/12/2013 12:52:18,8,4000000,270,1276
08/12/2013 12:52:20,8,4000000,291,1264
08/12/2013 12:52:23,8,4000000,277,1265
08/12/2013 12:52:26,8,4000000,290,1270
08/12/2013 12:52:28,8,4000000,275,1272
08/12/2013 12:52:31,8,4000000,289,1293
08/12/2013 12:52:35,8,4000000,256,1260
08/12/2013 12:52:37,8,4000000,261,1266
08/12/2013 12:52:41,8,6000000,399,1852
08/12/2013 12:52:45,8,6000000,387,1829
08/12/2013 12:52:49,8,6000000,418,1838
08/12/2013 12:52:53,8,6000000,406,1854
08/12/2013 12:52:56,8,6000000,395,1855
08/12/2013 12:53:00,8,6000000,384,2112
08/12/2013 12:53:04,8,6000000,406,1827
08/12/2013 12:53:08,8,6000000,398,1829
08/12/2013 12:53:11,8,6000000,386,1833
08/12/2013 12:53:15,8,6000000,396,1815
08/12/2013 12:53:20,8,8000000,522,2526
08/12/2013 12:53:24,8,8000000,493,2461
08/12/2013 12:53:30,8,8000000,735,2527
08/12/2013 12:53:35,8,8000000,467,2446
08/12/2013 12:53:40,8,8000000,477,2704
08/12/2013 12:53:45,8,8000000,524,2472
08/12/2013 12:53:50,8,8000000,475,2804
08/12/2013 12:53:55,8,8000000,506,2426
08/12/2013 12:54:00,8,8000000,507,2431
08/12/2013 12:54:04,8,8000000,465,2412
08/12/2013 12:54:10,8,10000000,551,2960
08/12/2013 12:54:16,8,10000000,569,2975
08/12/2013 12:54:23,8,10000000,568,3448
08/12/2013 12:54:29,8,10000000,520,3019
08/12/2013 12:54:36,8,10000000,553,3448
08/12/2013 12:54:41,8,10000000,569,3012
08/12/2013 12:54:47,8,10000000,585,3065
08/12/2013 12:54:53,8,10000000,609,3055
08/12/2013 12:54:59,8,10000000,593,3007
08/12/2013 12:55:05,8,10000000,542,3003
08/12/2013 12:55:15,8,20000000,890,6026
08/12/2013 12:55:25,8,20000000,971,5964
08/12/2013 12:55:37,8,20000000,1011,6790
08/12/2013 12:55:51,8,20000000,1103,6069
08/12/2013 12:56:01,8,20000000,1026,5979
08/12/2013 12:56:11,8,20000000,1069,5958
08/12/2013 12:56:21,8,20000000,974,5961
08/12/2013 12:56:31,8,20000000,965,5946
08/12/2013 12:56:46,8,20000000,1059,6886
08/12/2013 12:56:56,8,20000000,1029,5965
08/12/2013 12:57:18,8,40000000,2033,11770
08/12/2013 12:57:37,8,40000000,1931,11837
08/12/2013 12:57:56,8,40000000,1835,11845
08/12/2013 12:58:14,8,40000000,1897,11780
08/12/2013 12:58:36,8,40000000,1873,13191
08/12/2013 12:58:56,8,40000000,1980,11883
08/12/2013 12:59:15,8,40000000,1871,11735
08/12/2013 12:59:33,8,40000000,1900,11783
08/12/2013 12:59:52,8,40000000,1864,11717
08/12/2013 01:00:10,8,40000000,1972,11882
08/12/2013 01:00:48,8,60000000,2675,17401
08/12/2013 01:01:16,8,60000000,2440,17969
08/12/2013 01:01:43,8,60000000,2429,17853
08/12/2013 01:02:16,8,60000000,2588,19427
08/12/2013 01:02:47,8,60000000,2462,18326
08/12/2013 01:03:15,8,60000000,2462,17858
08/12/2013 01:03:45,8,60000000,2557,18094
08/12/2013 01:04:23,8,60000000,2969,17536
08/12/2013 01:04:53,8,60000000,2661,17433
08/12/2013 01:05:24,8,60000000,3100,17364
08/12/2013 01:06:14,8,80000000,3245,23762
08/12/2013 01:06:52,8,80000000,4070,23078
08/12/2013 01:07:43,8,80000000,3263,23854
08/12/2013 01:08:20,8,80000000,3334,23545
08/12/2013 01:08:56,8,80000000,3247,23776
08/12/2013 01:09:36,8,80000000,3676,26934
08/12/2013 01:10:16,8,80000000,3382,23901
08/12/2013 01:10:54,8,80000000,3196,23846
08/12/2013 01:11:34,8,80000000,3831,23129
08/12/2013 01:12:24,8,80000000,3871,23431
08/12/2013 01:13:12,8,100000000,4657,29300
08/12/2013 01:14:02,8,100000000,4922,32550
08/12/2013 01:15:07,8,100000000,4629,28999
08/12/2013 01:15:54,8,100000000,4885,29145
08/12/2013 01:16:42,8,100000000,5130,29216
08/12/2013 01:17:32,8,100000000,4714,29346
08/12/2013 01:18:22,8,100000000,4455,32250
08/12/2013 01:19:09,8,100000000,5300,28978
08/12/2013 01:20:12,8,100000000,4616,29104
08/12/2013 01:21:01,8,100000000,5130,29236
08/12/2013 01:21:01,16,20000,50,64
08/12/2013 01:21:02,16,20000,39,69
08/12/2013 01:21:03,16,20000,34,70
08/12/2013 01:21:03,16,20000,38,68
08/12/2013 01:21:04,16,20000,37,67
08/12/2013 01:21:04,16,20000,37,70
08/12/2013 01:21:05,16,20000,64,58
08/12/2013 01:21:05,16,20000,65,64
08/12/2013 01:21:06,16,20000,53,66
08/12/2013 01:21:07,16,20000,45,60
08/12/2013 01:21:07,16,40000,48,79
08/12/2013 01:21:08,16,40000,59,84
08/12/2013 01:21:08,16,40000,73,77
08/12/2013 01:21:09,16,40000,38,80
08/12/2013 01:21:10,16,40000,59,78
08/12/2013 01:21:10,16,40000,61,82
08/12/2013 01:21:11,16,40000,42,80
08/12/2013 01:21:12,16,40000,72,81
08/12/2013 01:21:12,16,40000,35,77
08/12/2013 01:21:13,16,40000,67,79
08/12/2013 01:21:14,16,60000,73,86
08/12/2013 01:21:14,16,60000,75,88
08/12/2013 01:21:15,16,60000,43,91
08/12/2013 01:21:15,16,60000,58,90
08/12/2013 01:21:16,16,60000,69,91
08/12/2013 01:21:17,16,60000,72,79
08/12/2013 01:21:17,16,60000,69,91
08/12/2013 01:21:18,16,60000,87,85
08/12/2013 01:21:19,16,60000,110,87
08/12/2013 01:21:19,16,60000,76,85
08/12/2013 01:21:20,16,80000,73,92
08/12/2013 01:21:21,16,80000,95,95
08/12/2013 01:21:22,16,80000,82,91
08/12/2013 01:21:22,16,80000,109,90
08/12/2013 01:21:23,16,80000,62,91
08/12/2013 01:21:23,16,80000,66,90
08/12/2013 01:21:24,16,80000,51,93
08/12/2013 01:21:25,16,80000,80,92
08/12/2013 01:21:26,16,80000,83,92
08/12/2013 01:21:26,16,80000,89,91
08/12/2013 01:21:27,16,100000,107,113
08/12/2013 01:21:28,16,100000,84,112
08/12/2013 01:21:28,16,100000,62,108
08/12/2013 01:21:29,16,100000,108,120
08/12/2013 01:21:30,16,100000,111,111
08/12/2013 01:21:31,16,100000,87,109
08/12/2013 01:21:31,16,100000,75,110
08/12/2013 01:21:32,16,100000,97,120
08/12/2013 01:21:33,16,100000,79,110
08/12/2013 01:21:33,16,100000,79,109
08/12/2013 01:21:34,16,200000,72,189
08/12/2013 01:21:35,16,200000,84,175
08/12/2013 01:21:36,16,200000,53,187
08/12/2013 01:21:37,16,200000,60,184
08/12/2013 01:21:37,16,200000,76,169
08/12/2013 01:21:38,16,200000,76,169
08/12/2013 01:21:39,16,200000,58,167
08/12/2013 01:21:40,16,200000,104,169
08/12/2013 01:21:41,16,200000,139,174
08/12/2013 01:21:41,16,200000,79,174
08/12/2013 01:21:42,16,400000,52,283
08/12/2013 01:21:43,16,400000,93,287
08/12/2013 01:21:44,16,400000,51,283
08/12/2013 01:21:45,16,400000,122,281
08/12/2013 01:21:46,16,400000,104,283
08/12/2013 01:21:47,16,400000,81,284
08/12/2013 01:21:48,16,400000,64,309
08/12/2013 01:21:49,16,400000,86,282
08/12/2013 01:21:50,16,400000,66,281
08/12/2013 01:21:51,16,400000,76,285
08/12/2013 01:21:52,16,600000,142,385
08/12/2013 01:21:53,16,600000,164,391
08/12/2013 01:21:55,16,600000,166,381
08/12/2013 01:21:56,16,600000,201,382
08/12/2013 01:21:57,16,600000,176,385
08/12/2013 01:21:58,16,600000,171,386
08/12/2013 01:21:59,16,600000,140,391
08/12/2013 01:22:00,16,600000,143,392
08/12/2013 01:22:02,16,600000,146,389
08/12/2013 01:22:03,16,600000,147,436
08/12/2013 01:22:04,16,800000,120,528
08/12/2013 01:22:05,16,800000,88,534
08/12/2013 01:22:07,16,800000,62,534
08/12/2013 01:22:08,16,800000,159,598
08/12/2013 01:22:10,16,800000,121,551
08/12/2013 01:22:11,16,800000,75,539
08/12/2013 01:22:12,16,800000,92,598
08/12/2013 01:22:13,16,800000,106,540
08/12/2013 01:22:15,16,800000,100,545
08/12/2013 01:22:16,16,800000,102,543
08/12/2013 01:22:17,16,1000000,136,613
08/12/2013 01:22:19,16,1000000,183,601
08/12/2013 01:22:21,16,1000000,158,687
08/12/2013 01:22:22,16,1000000,153,598
08/12/2013 01:22:23,16,1000000,138,600
08/12/2013 01:22:25,16,1000000,173,607
08/12/2013 01:22:26,16,1000000,135,606
08/12/2013 01:22:28,16,1000000,157,668
08/12/2013 01:22:29,16,1000000,121,606
08/12/2013 01:22:30,16,1000000,204,606
08/12/2013 01:22:33,16,2000000,178,1148
08/12/2013 01:22:35,16,2000000,142,1132
08/12/2013 01:22:37,16,2000000,240,1124
08/12/2013 01:22:40,16,2000000,168,1267
08/12/2013 01:22:42,16,2000000,181,1130
08/12/2013 01:22:44,16,2000000,197,1128
08/12/2013 01:22:47,16,2000000,151,1123
08/12/2013 01:22:49,16,2000000,188,1134
08/12/2013 01:22:51,16,2000000,160,1140
08/12/2013 01:22:53,16,2000000,169,1126
08/12/2013 01:22:57,16,4000000,245,2258
08/12/2013 01:23:01,16,4000000,322,2218
08/12/2013 01:23:05,16,4000000,274,2579
08/12/2013 01:23:09,16,4000000,310,2262
08/12/2013 01:23:12,16,4000000,284,2199
08/12/2013 01:23:16,16,4000000,391,2188
08/12/2013 01:23:20,16,4000000,290,2252
08/12/2013 01:23:25,16,4000000,254,2278
08/12/2013 01:23:29,16,4000000,342,2233
08/12/2013 01:23:34,16,4000000,288,2258
08/12/2013 01:23:39,16,6000000,332,3241
08/12/2013 01:23:45,16,6000000,442,3621
08/12/2013 01:23:50,16,6000000,370,3458
08/12/2013 01:23:57,16,6000000,371,3730
08/12/2013 01:24:02,16,6000000,460,3262
08/12/2013 01:24:08,16,6000000,342,3268
08/12/2013 01:24:13,16,6000000,355,3257
08/12/2013 01:24:20,16,6000000,431,3264
08/12/2013 01:24:26,16,6000000,387,3228
08/12/2013 01:24:31,16,6000000,379,3310
08/12/2013 01:24:39,16,8000000,688,4578
08/12/2013 01:24:47,16,8000000,365,4397
08/12/2013 01:24:54,16,8000000,424,4327
08/12/2013 01:25:01,16,8000000,447,4358
08/12/2013 01:25:10,16,8000000,702,4603
08/12/2013 01:25:19,16,8000000,760,5065
08/12/2013 01:25:26,16,8000000,450,5013
08/12/2013 01:25:34,16,8000000,426,4384
08/12/2013 01:25:43,16,8000000,365,4966
08/12/2013 01:25:50,16,8000000,731,4607
08/12/2013 01:25:59,16,10000000,334,5495
08/12/2013 01:26:07,16,10000000,421,5377
08/12/2013 01:26:16,16,10000000,310,5411
08/12/2013 01:26:23,16,10000000,341,5421
08/12/2013 01:26:32,16,10000000,379,5332
08/12/2013 01:26:40,16,10000000,339,5391
08/12/2013 01:26:49,16,10000000,318,6012
08/12/2013 01:26:57,16,10000000,291,5494
08/12/2013 01:27:06,16,10000000,317,5384
08/12/2013 01:27:14,16,10000000,337,5431
08/12/2013 01:27:30,16,20000000,819,10679
08/12/2013 01:27:44,16,20000000,596,10972
08/12/2013 01:28:00,16,20000000,710,10800
08/12/2013 01:28:16,16,20000000,704,10767
08/12/2013 01:28:34,16,20000000,774,12393
08/12/2013 01:28:49,16,20000000,792,10800
08/12/2013 01:29:04,16,20000000,624,10657
08/12/2013 01:29:19,16,20000000,849,10683
08/12/2013 01:29:33,16,20000000,771,10773
08/12/2013 01:29:49,16,20000000,870,10812
08/12/2013 01:30:19,16,40000000,1558,21244
08/12/2013 01:30:52,16,40000000,1394,21476
08/12/2013 01:31:30,16,40000000,1456,21303
08/12/2013 01:32:00,16,40000000,1471,21449
08/12/2013 01:32:29,16,40000000,1514,21220
08/12/2013 01:33:07,16,40000000,1561,21325
08/12/2013 01:33:37,16,40000000,1565,21327
08/12/2013 01:34:08,16,40000000,1490,21456
08/12/2013 01:34:45,16,40000000,1463,21282
08/12/2013 01:35:23,16,40000000,1387,21515
08/12/2013 01:36:06,16,60000000,1954,31580
08/12/2013 01:36:55,16,60000000,1951,36500
08/12/2013 01:37:40,16,60000000,1880,31957
08/12/2013 01:38:33,16,60000000,2114,31819
08/12/2013 01:39:20,16,60000000,1520,32150
08/12/2013 01:40:06,16,60000000,1806,32003
08/12/2013 01:40:49,16,60000000,1973,31896
08/12/2013 01:41:33,16,60000000,2026,31810
08/12/2013 01:42:16,16,60000000,1588,32223
08/12/2013 01:43:01,16,60000000,1991,31738
08/12/2013 01:44:16,16,80000000,3025,42518
08/12/2013 01:45:15,16,80000000,3210,42558
08/12/2013 01:46:11,16,80000000,2753,42382
08/12/2013 01:47:06,16,80000000,2599,42768
08/12/2013 01:48:04,16,80000000,2665,42873
08/12/2013 01:49:04,16,80000000,3111,42908
08/12/2013 01:50:00,16,80000000,2726,43020
08/12/2013 01:51:00,16,80000000,3128,42438
08/12/2013 01:51:56,16,80000000,3105,42959
08/12/2013 01:52:56,16,80000000,3049,42393
08/12/2013 01:54:11,16,100000000,3307,53070
08/12/2013 01:55:25,16,100000000,3268,52997
08/12/2013 01:56:37,16,100000000,3311,52699
08/12/2013 01:58:08,16,100000000,3237,53133
08/12/2013 01:59:45,16,100000000,3210,60686
08/12/2013 02:01:20,16,100000000,3266,54099
08/12/2013 02:02:31,16,100000000,3213,53097
08/12/2013 02:03:41,16,100000000,3164,52723
08/12/2013 02:04:54,16,100000000,2885,53265
08/12/2013 02:06:02,16,100000000,3080,52393
08/12/2013 02:06:03,32,20000,56,64
08/12/2013 02:06:04,32,20000,59,63
08/12/2013 02:06:04,32,20000,98,65
08/12/2013 02:06:05,32,20000,46,71
08/12/2013 02:06:06,32,20000,42,68
08/12/2013 02:06:06,32,20000,74,63
08/12/2013 02:06:07,32,20000,88,64
08/12/2013 02:06:08,32,20000,74,63
08/12/2013 02:06:08,32,20000,75,65
08/12/2013 02:06:09,32,20000,51,64
08/12/2013 02:06:09,32,40000,86,84
08/12/2013 02:06:10,32,40000,75,82
08/12/2013 02:06:11,32,40000,94,87
08/12/2013 02:06:12,32,40000,107,85
08/12/2013 02:06:12,32,40000,91,90
08/12/2013 02:06:13,32,40000,95,84
08/12/2013 02:06:14,32,40000,73,91
08/12/2013 02:06:14,32,40000,83,83
08/12/2013 02:06:15,32,40000,76,82
08/12/2013 02:06:16,32,40000,55,84
08/12/2013 02:06:16,32,60000,90,110
08/12/2013 02:06:17,32,60000,106,112
08/12/2013 02:06:18,32,60000,104,105
08/12/2013 02:06:19,32,60000,61,114
08/12/2013 02:06:19,32,60000,75,124
08/12/2013 02:06:20,32,60000,93,119
08/12/2013 02:06:21,32,60000,89,111
08/12/2013 02:06:22,32,60000,118,116
08/12/2013 02:06:22,32,60000,184,112
08/12/2013 02:06:23,32,60000,203,114
08/12/2013 02:06:24,32,80000,118,135
08/12/2013 02:06:25,32,80000,65,124
08/12/2013 02:06:26,32,80000,100,132
08/12/2013 02:06:26,32,80000,76,138
08/12/2013 02:06:27,32,80000,73,127
08/12/2013 02:06:28,32,80000,132,132
08/12/2013 02:06:29,32,80000,126,132
08/12/2013 02:06:29,32,80000,52,135
08/12/2013 02:06:30,32,80000,97,134
08/12/2013 02:06:31,32,80000,64,133
08/12/2013 02:06:32,32,100000,113,142
08/12/2013 02:06:33,32,100000,136,154
08/12/2013 02:06:34,32,100000,149,154
08/12/2013 02:06:34,32,100000,100,152
08/12/2013 02:06:35,32,100000,65,153
08/12/2013 02:06:36,32,100000,73,150
08/12/2013 02:06:37,32,100000,102,157
08/12/2013 02:06:38,32,100000,132,151
08/12/2013 02:06:38,32,100000,107,154
08/12/2013 02:06:39,32,100000,125,151
08/12/2013 02:06:40,32,200000,84,248
08/12/2013 02:06:41,32,200000,151,245
08/12/2013 02:06:42,32,200000,173,249
08/12/2013 02:06:43,32,200000,66,247
08/12/2013 02:06:44,32,200000,107,244
08/12/2013 02:06:45,32,200000,93,244
08/12/2013 02:06:46,32,200000,95,249
08/12/2013 02:06:47,32,200000,57,242
08/12/2013 02:06:48,32,200000,196,249
08/12/2013 02:06:49,32,200000,150,250
08/12/2013 02:06:50,32,400000,80,484
08/12/2013 02:06:52,32,400000,173,484
08/12/2013 02:06:53,32,400000,258,488
08/12/2013 02:06:54,32,400000,78,486
08/12/2013 02:06:55,32,400000,83,483
08/12/2013 02:06:56,32,400000,100,481
08/12/2013 02:06:58,32,400000,173,486
08/12/2013 02:06:59,32,400000,106,484
08/12/2013 02:07:00,32,400000,80,489
08/12/2013 02:07:02,32,400000,154,481
08/12/2013 02:07:03,32,600000,257,647
08/12/2013 02:07:05,32,600000,154,633
08/12/2013 02:07:06,32,600000,146,641
08/12/2013 02:07:08,32,600000,242,645
08/12/2013 02:07:10,32,600000,272,649
08/12/2013 02:07:11,32,600000,243,649
08/12/2013 02:07:13,32,600000,174,643
08/12/2013 02:07:14,32,600000,163,638
08/12/2013 02:07:15,32,600000,147,638
08/12/2013 02:07:17,32,600000,239,656
08/12/2013 02:07:19,32,800000,83,844
08/12/2013 02:07:21,32,800000,98,888
08/12/2013 02:07:22,32,800000,81,853
08/12/2013 02:07:24,32,800000,134,879
08/12/2013 02:07:26,32,800000,70,889
08/12/2013 02:07:28,32,800000,188,895
08/12/2013 02:07:29,32,800000,153,840
08/12/2013 02:07:31,32,800000,153,891
08/12/2013 02:07:33,32,800000,90,888
08/12/2013 02:07:35,32,800000,68,851
08/12/2013 02:07:37,32,1000000,215,1069
08/12/2013 02:07:39,32,1000000,236,1056
08/12/2013 02:07:41,32,1000000,283,1073
08/12/2013 02:07:43,32,1000000,275,1043
08/12/2013 02:07:45,32,1000000,179,1045
08/12/2013 02:07:47,32,1000000,167,1053
08/12/2013 02:07:49,32,1000000,172,1042
08/12/2013 02:07:51,32,1000000,273,1043
08/12/2013 02:07:53,32,1000000,162,1057
08/12/2013 02:07:56,32,1000000,257,1054
08/12/2013 02:07:59,32,2000000,279,2026
08/12/2013 02:08:03,32,2000000,250,2032
08/12/2013 02:08:06,32,2000000,278,2045
08/12/2013 02:08:10,32,2000000,436,2171
08/12/2013 02:08:13,32,2000000,232,2017
08/12/2013 02:08:17,32,2000000,469,2193
08/12/2013 02:08:21,32,2000000,261,2011
08/12/2013 02:08:24,32,2000000,209,2005
08/12/2013 02:08:27,32,2000000,174,2062
08/12/2013 02:08:31,32,2000000,259,2138
08/12/2013 02:08:36,32,4000000,256,3987
08/12/2013 02:08:42,32,4000000,353,3985
08/12/2013 02:08:48,32,4000000,354,3982
08/12/2013 02:08:55,32,4000000,424,3978
08/12/2013 02:09:01,32,4000000,320,4005
08/12/2013 02:09:07,32,4000000,368,4042
08/12/2013 02:09:13,32,4000000,328,4058
08/12/2013 02:09:20,32,4000000,346,3952
08/12/2013 02:09:25,32,4000000,281,4065
08/12/2013 02:09:31,32,4000000,220,4079
08/12/2013 02:09:39,32,6000000,467,5963
08/12/2013 02:09:48,32,6000000,365,5936
08/12/2013 02:09:56,32,6000000,454,5981
08/12/2013 02:10:05,32,6000000,583,6003
08/12/2013 02:10:14,32,6000000,644,6205
08/12/2013 02:10:23,32,6000000,374,5952
08/12/2013 02:10:31,32,6000000,525,5919
08/12/2013 02:10:40,32,6000000,479,5937
08/12/2013 02:10:48,32,6000000,323,5932
08/12/2013 02:10:57,32,6000000,363,5964
08/12/2013 02:11:09,32,8000000,428,7859
08/12/2013 02:11:23,32,8000000,323,7916
08/12/2013 02:11:36,32,8000000,962,8381
08/12/2013 02:11:50,32,8000000,532,7928
08/12/2013 02:12:02,32,8000000,963,8222
08/12/2013 02:12:15,32,8000000,709,7955
08/12/2013 02:12:26,32,8000000,441,7940
08/12/2013 02:12:39,32,8000000,732,7892
08/12/2013 02:12:51,32,8000000,398,7890
08/12/2013 02:13:03,32,8000000,375,7964
08/12/2013 02:13:16,32,10000000,473,9910
08/12/2013 02:13:32,32,10000000,1209,10198
08/12/2013 02:13:46,32,10000000,509,9854
08/12/2013 02:14:01,32,10000000,1072,10202
08/12/2013 02:14:15,32,10000000,925,10009
08/12/2013 02:14:28,32,10000000,255,9976
08/12/2013 02:14:43,32,10000000,1023,10251
08/12/2013 02:14:58,32,10000000,1272,10322
08/12/2013 02:15:14,32,10000000,1070,10293
08/12/2013 02:15:28,32,10000000,614,9825
08/12/2013 02:15:58,32,20000000,627,20271
08/12/2013 02:16:24,32,20000000,680,20104
08/12/2013 02:16:52,32,20000000,671,19715
08/12/2013 02:17:18,32,20000000,599,19941
08/12/2013 02:17:43,32,20000000,639,19654
08/12/2013 02:18:08,32,20000000,708,19921
08/12/2013 02:18:34,32,20000000,672,20032
08/12/2013 02:18:59,32,20000000,646,19771
08/12/2013 02:19:25,32,20000000,709,19745
08/12/2013 02:19:50,32,20000000,720,19782
08/12/2013 02:20:48,32,40000000,1317,39448
08/12/2013 02:21:38,32,40000000,1245,39361
08/12/2013 02:22:25,32,40000000,1128,39287
08/12/2013 02:23:13,32,40000000,1153,39056
08/12/2013 02:24:13,32,40000000,1255,39153
08/12/2013 02:25:09,32,40000000,1247,39043
08/12/2013 02:25:56,32,40000000,1237,38971
08/12/2013 02:26:44,32,40000000,1501,39383
08/12/2013 02:27:31,32,40000000,1199,39124
08/12/2013 02:28:18,32,40000000,1062,38944
08/12/2013 02:29:30,32,60000000,1777,59201
08/12/2013 02:30:45,32,60000000,1781,59855
08/12/2013 02:32:00,32,60000000,1790,58885
08/12/2013 02:33:12,32,60000000,1797,59249
08/12/2013 02:34:41,32,60000000,1862,59216
08/12/2013 02:36:12,32,60000000,2149,62094
08/12/2013 02:37:54,32,60000000,1240,63186
08/12/2013 02:39:08,32,60000000,1761,58979
08/12/2013 02:40:34,32,60000000,1953,58866
08/12/2013 02:41:52,32,60000000,1743,63114
08/12/2013 02:43:30,32,80000000,2318,78795
08/12/2013 02:45:05,32,80000000,2401,78114
08/12/2013 02:47:02,32,80000000,2308,78512
08/12/2013 02:48:38,32,80000000,2164,78198
08/12/2013 02:50:21,32,80000000,2335,78088
08/12/2013 02:52:12,32,80000000,2235,78485
08/12/2013 02:53:49,32,80000000,2220,78592
08/12/2013 02:55:23,32,80000000,2014,78219
08/12/2013 02:56:57,32,80000000,1346,77655
08/12/2013 02:58:47,32,80000000,2283,78233
08/12/2013 03:00:44,32,100000000,2465,96878
08/12/2013 03:02:44,32,100000000,2863,97629
08/12/2013 03:04:40,32,100000000,2081,97047
08/12/2013 03:06:38,32,100000000,2719,97804
08/12/2013 03:08:40,32,100000000,2971,98687
08/12/2013 03:10:38,32,100000000,1971,98353
08/12/2013 03:12:56,32,100000000,2337,112856
08/12/2013 03:15:20,32,100000000,2657,97902
08/12/2013 03:17:22,32,100000000,2866,98485
08/12/2013 03:19:53,32,100000000,2884,98240
08/12/2013 03:19:53,64,20000,100,74
08/12/2013 03:19:54,64,20000,126,61
08/12/2013 03:19:55,64,20000,109,57
08/12/2013 03:19:55,64,20000,99,65
08/12/2013 03:19:56,64,20000,76,55
08/12/2013 03:19:57,64,20000,46,73
08/12/2013 03:19:58,64,20000,92,60
08/12/2013 03:19:58,64,20000,98,63
08/12/2013 03:19:59,64,20000,107,59
08/12/2013 03:19:59,64,20000,97,65
08/12/2013 03:20:00,64,40000,80,93
08/12/2013 03:20:01,64,40000,148,82
08/12/2013 03:20:02,64,40000,75,97
08/12/2013 03:20:02,64,40000,220,82
08/12/2013 03:20:03,64,40000,75,82
08/12/2013 03:20:04,64,40000,88,87
08/12/2013 03:20:05,64,40000,105,88
08/12/2013 03:20:05,64,40000,100,96
08/12/2013 03:20:06,64,40000,113,81
08/12/2013 03:20:07,64,40000,62,82
08/12/2013 03:20:08,64,60000,64,123
08/12/2013 03:20:08,64,60000,77,104
08/12/2013 03:20:09,64,60000,243,109
08/12/2013 03:20:10,64,60000,107,111
08/12/2013 03:20:11,64,60000,217,106
08/12/2013 03:20:12,64,60000,73,106
08/12/2013 03:20:12,64,60000,77,115
08/12/2013 03:20:13,64,60000,56,120
08/12/2013 03:20:14,64,60000,133,109
08/12/2013 03:20:15,64,60000,101,105
08/12/2013 03:20:16,64,80000,325,148
08/12/2013 03:20:17,64,80000,124,139
08/12/2013 03:20:17,64,80000,79,138
08/12/2013 03:20:18,64,80000,114,141
08/12/2013 03:20:19,64,80000,71,142
08/12/2013 03:20:20,64,80000,111,148
08/12/2013 03:20:21,64,80000,111,139
08/12/2013 03:20:22,64,80000,102,139
08/12/2013 03:20:23,64,80000,167,140
08/12/2013 03:20:24,64,80000,151,219
08/12/2013 03:20:25,64,100000,118,162
08/12/2013 03:20:26,64,100000,192,166
08/12/2013 03:20:27,64,100000,194,163
08/12/2013 03:20:27,64,100000,108,161
08/12/2013 03:20:28,64,100000,165,165
08/12/2013 03:20:29,64,100000,173,160
08/12/2013 03:20:30,64,100000,118,163
08/12/2013 03:20:31,64,100000,135,164
08/12/2013 03:20:32,64,100000,122,162
08/12/2013 03:20:33,64,100000,142,169
08/12/2013 03:20:34,64,200000,228,303
08/12/2013 03:20:35,64,200000,94,297
08/12/2013 03:20:36,64,200000,134,292
08/12/2013 03:20:37,64,200000,96,298
08/12/2013 03:20:38,64,200000,168,295
08/12/2013 03:20:39,64,200000,134,293
08/12/2013 03:20:41,64,200000,199,292
08/12/2013 03:20:42,64,200000,600,293
08/12/2013 03:20:44,64,200000,240,307
08/12/2013 03:20:45,64,200000,173,298
08/12/2013 03:20:46,64,400000,178,537
08/12/2013 03:20:47,64,400000,115,532
08/12/2013 03:20:49,64,400000,114,532
08/12/2013 03:20:50,64,400000,241,533
08/12/2013 03:20:52,64,400000,138,533
08/12/2013 03:20:53,64,400000,134,530
08/12/2013 03:20:55,64,400000,146,532
08/12/2013 03:20:56,64,400000,164,538
08/12/2013 03:20:58,64,400000,186,532
08/12/2013 03:20:59,64,400000,142,582
08/12/2013 03:21:01,64,600000,245,795
08/12/2013 03:21:03,64,600000,226,796
08/12/2013 03:21:05,64,600000,259,787
08/12/2013 03:21:07,64,600000,241,792
08/12/2013 03:21:08,64,600000,101,860
08/12/2013 03:21:10,64,600000,170,853
08/12/2013 03:21:12,64,600000,289,807
08/12/2013 03:21:14,64,600000,195,798
08/12/2013 03:21:16,64,600000,112,802
08/12/2013 03:21:17,64,600000,176,850
08/12/2013 03:21:20,64,800000,193,1033
08/12/2013 03:21:22,64,800000,142,1039
08/12/2013 03:21:24,64,800000,216,1021
08/12/2013 03:21:26,64,800000,196,1162
08/12/2013 03:21:29,64,800000,271,1154
08/12/2013 03:21:31,64,800000,226,1052
08/12/2013 03:21:33,64,800000,197,1038
08/12/2013 03:21:35,64,800000,210,1075
08/12/2013 03:21:37,64,800000,242,1029
08/12/2013 03:21:39,64,800000,191,1081
08/12/2013 03:21:42,64,1000000,222,1328
08/12/2013 03:21:44,64,1000000,198,1318
08/12/2013 03:21:47,64,1000000,180,1320
08/12/2013 03:21:49,64,1000000,120,1277
08/12/2013 03:21:51,64,1000000,201,1317
08/12/2013 03:21:54,64,1000000,146,1339
08/12/2013 03:21:56,64,1000000,104,1344
08/12/2013 03:21:59,64,1000000,151,1311
08/12/2013 03:22:01,64,1000000,290,1292
08/12/2013 03:22:04,64,1000000,272,1325
08/12/2013 03:22:08,64,2000000,318,2527
08/12/2013 03:22:12,64,2000000,534,2510
08/12/2013 03:22:16,64,2000000,192,2485
08/12/2013 03:22:20,64,2000000,301,2494
08/12/2013 03:22:25,64,2000000,281,2504
08/12/2013 03:22:29,64,2000000,158,2590
08/12/2013 03:22:33,64,2000000,264,2564
08/12/2013 03:22:37,64,2000000,354,2512
08/12/2013 03:22:41,64,2000000,261,2485
08/12/2013 03:22:45,64,2000000,115,2598
08/12/2013 03:22:52,64,4000000,205,5227
08/12/2013 03:22:59,64,4000000,567,4989
08/12/2013 03:23:08,64,4000000,738,5236
08/12/2013 03:23:15,64,4000000,655,5109
08/12/2013 03:23:22,64,4000000,363,4953
08/12/2013 03:23:30,64,4000000,178,5337
08/12/2013 03:23:38,64,4000000,647,4931
08/12/2013 03:23:45,64,4000000,326,5009
08/12/2013 03:23:53,64,4000000,342,4972
08/12/2013 03:24:00,64,4000000,319,4976
08/12/2013 03:24:11,64,6000000,377,7383
08/12/2013 03:24:22,64,6000000,336,7652
08/12/2013 03:24:33,64,6000000,900,7488
08/12/2013 03:24:44,64,6000000,489,7487
08/12/2013 03:24:55,64,6000000,1069,7703
08/12/2013 03:25:05,64,6000000,307,7729
08/12/2013 03:25:16,64,6000000,491,7406
08/12/2013 03:25:28,64,6000000,960,7697
08/12/2013 03:25:39,64,6000000,365,7401
08/12/2013 03:25:50,64,6000000,964,7584
08/12/2013 03:26:04,64,8000000,491,9867
08/12/2013 03:26:18,64,8000000,505,9918
08/12/2013 03:26:32,64,8000000,939,9917
08/12/2013 03:26:46,64,8000000,550,9948
08/12/2013 03:27:00,64,8000000,533,9971
08/12/2013 03:27:14,64,8000000,700,9994
08/12/2013 03:27:28,64,8000000,492,9968
08/12/2013 03:27:42,64,8000000,524,9996
08/12/2013 03:27:57,64,8000000,1303,10304
08/12/2013 03:28:11,64,8000000,350,9905
08/12/2013 03:28:31,64,10000000,925,14288
08/12/2013 03:28:48,64,10000000,733,12473
08/12/2013 03:29:05,64,10000000,749,12466
08/12/2013 03:29:21,64,10000000,595,12407
08/12/2013 03:29:38,64,10000000,568,12345
08/12/2013 03:29:55,64,10000000,882,12471
08/12/2013 03:30:12,64,10000000,476,12431
08/12/2013 03:30:29,64,10000000,1022,12287
08/12/2013 03:30:46,64,10000000,524,12348
08/12/2013 03:31:04,64,10000000,917,12452
08/12/2013 03:31:39,64,20000000,795,25219
08/12/2013 03:32:11,64,20000000,708,26323
08/12/2013 03:32:46,64,20000000,738,26581
08/12/2013 03:33:20,64,20000000,700,25906
08/12/2013 03:33:52,64,20000000,728,25121
08/12/2013 03:34:25,64,20000000,731,25706
08/12/2013 03:34:58,64,20000000,714,26084
08/12/2013 03:35:31,64,20000000,836,25732
08/12/2013 03:36:06,64,20000000,714,25641
08/12/2013 03:36:39,64,20000000,819,25644
08/12/2013 03:37:42,64,40000000,1287,49803
08/12/2013 03:38:46,64,40000000,983,50076
08/12/2013 03:39:52,64,40000000,1420,49881
08/12/2013 03:40:59,64,40000000,1395,49716
08/12/2013 03:42:01,64,40000000,957,49676
08/12/2013 03:43:04,64,40000000,1054,49556
08/12/2013 03:44:08,64,40000000,1320,49177
08/12/2013 03:45:10,64,40000000,989,49992
08/12/2013 03:46:13,64,40000000,1416,49408
08/12/2013 03:47:16,64,40000000,1302,49189
08/12/2013 03:48:50,64,60000000,1322,75156
08/12/2013 03:50:28,64,60000000,1140,74702
08/12/2013 03:51:59,64,60000000,1304,74102
08/12/2013 03:53:34,64,60000000,1281,74165
08/12/2013 03:55:07,64,60000000,1221,74045
08/12/2013 03:56:42,64,60000000,1171,74551
08/12/2013 03:58:15,64,60000000,2458,75021
08/12/2013 03:59:50,64,60000000,1261,74475
08/12/2013 04:01:22,64,60000000,2377,74397
08/12/2013 04:02:55,64,60000000,1290,74616
08/12/2013 04:04:58,64,80000000,2006,98631
08/12/2013 04:07:11,64,80000000,1875,98290
08/12/2013 04:09:14,64,80000000,2328,98818
08/12/2013 04:11:27,64,80000000,1810,98691
08/12/2013 04:13:40,64,80000000,2303,98029
08/12/2013 04:15:55,64,80000000,2291,98977
08/12/2013 04:17:55,64,80000000,1541,98045
08/12/2013 04:19:57,64,80000000,1997,98749
08/12/2013 04:21:59,64,80000000,1801,98751
08/12/2013 04:24:02,64,80000000,1979,98706
08/12/2013 04:26:39,64,100000000,2523,123912
08/12/2013 04:29:13,64,100000000,2333,123133
08/12/2013 04:31:48,64,100000000,2595,124074
08/12/2013 04:34:35,64,100000000,2303,123044
08/12/2013 04:37:23,64,100000000,2821,122829
08/12/2013 04:39:53,64,100000000,2528,121795
08/12/2013 04:42:25,64,100000000,2333,123526
08/12/2013 04:44:56,64,100000000,2035,123186
08/12/2013 04:47:39,64,100000000,2412,123677
08/12/2013 04:50:11,64,100000000,2031,124083
08/12/2013 04:50:12,128,20000,84,79
08/12/2013 04:50:13,128,20000,78,79
08/12/2013 04:50:14,128,20000,92,84
08/12/2013 04:50:15,128,20000,208,81
08/12/2013 04:50:15,128,20000,93,84
08/12/2013 04:50:16,128,20000,111,83
08/12/2013 04:50:17,128,20000,64,77
08/12/2013 04:50:17,128,20000,98,83
08/12/2013 04:50:18,128,20000,86,77
08/12/2013 04:50:19,128,20000,80,74
08/12/2013 04:50:20,128,40000,51,139
08/12/2013 04:50:20,128,40000,70,130
08/12/2013 04:50:21,128,40000,107,137
08/12/2013 04:50:22,128,40000,82,135
08/12/2013 04:50:23,128,40000,116,135
08/12/2013 04:50:24,128,40000,81,134
08/12/2013 04:50:24,128,40000,90,121
08/12/2013 04:50:25,128,40000,78,126
08/12/2013 04:50:26,128,40000,91,134
08/12/2013 04:50:27,128,40000,154,117
08/12/2013 04:50:28,128,60000,202,169
08/12/2013 04:50:29,128,60000,142,187
08/12/2013 04:50:30,128,60000,81,175
08/12/2013 04:50:31,128,60000,73,173
08/12/2013 04:50:31,128,60000,167,173
08/12/2013 04:50:32,128,60000,69,168
08/12/2013 04:50:33,128,60000,64,166
08/12/2013 04:50:34,128,60000,302,179
08/12/2013 04:50:35,128,60000,81,168
08/12/2013 04:50:36,128,60000,135,170
08/12/2013 04:50:37,128,80000,242,223
08/12/2013 04:50:38,128,80000,95,226
08/12/2013 04:50:39,128,80000,127,228
08/12/2013 04:50:40,128,80000,84,230
08/12/2013 04:50:41,128,80000,135,223
08/12/2013 04:50:42,128,80000,315,221
08/12/2013 04:50:43,128,80000,80,232
08/12/2013 04:50:44,128,80000,79,229
08/12/2013 04:50:45,128,80000,76,226
08/12/2013 04:50:46,128,80000,130,227
08/12/2013 04:50:47,128,100000,117,275
08/12/2013 04:50:48,128,100000,128,270
08/12/2013 04:50:49,128,100000,74,280
08/12/2013 04:50:50,128,100000,88,304
08/12/2013 04:50:51,128,100000,80,273
08/12/2013 04:50:52,128,100000,110,278
08/12/2013 04:50:53,128,100000,91,281
08/12/2013 04:50:54,128,100000,80,269
08/12/2013 04:50:55,128,100000,75,292
08/12/2013 04:50:56,128,100000,85,280
08/12/2013 04:50:58,128,200000,194,528
08/12/2013 04:50:59,128,200000,144,512
08/12/2013 04:51:01,128,200000,136,520
08/12/2013 04:51:02,128,200000,106,516
08/12/2013 04:51:03,128,200000,126,518
08/12/2013 04:51:05,128,200000,124,524
08/12/2013 04:51:06,128,200000,123,526
08/12/2013 04:51:08,128,200000,208,531
08/12/2013 04:51:09,128,200000,111,519
08/12/2013 04:51:10,128,200000,274,527
08/12/2013 04:51:12,128,400000,236,1052
08/12/2013 04:51:14,128,400000,193,1043
08/12/2013 04:51:17,128,400000,145,1028
08/12/2013 04:51:19,128,400000,258,1047
08/12/2013 04:51:21,128,400000,127,996
08/12/2013 04:51:23,128,400000,165,1051
08/12/2013 04:51:25,128,400000,139,1078
08/12/2013 04:51:27,128,400000,254,1088
08/12/2013 04:51:29,128,400000,174,1074
08/12/2013 04:51:31,128,400000,230,1075
08/12/2013 04:51:34,128,600000,207,1527
08/12/2013 04:51:37,128,600000,175,1485
08/12/2013 04:51:39,128,600000,274,1504
08/12/2013 04:51:42,128,600000,143,1547
08/12/2013 04:51:44,128,600000,169,1546
08/12/2013 04:51:47,128,600000,143,1527
08/12/2013 04:51:50,128,600000,272,1538
08/12/2013 04:51:53,128,600000,338,1555
08/12/2013 04:51:55,128,600000,166,1536
08/12/2013 04:51:58,128,600000,152,1523
08/12/2013 04:52:01,128,800000,412,1980
08/12/2013 04:52:05,128,800000,362,2061
08/12/2013 04:52:08,128,800000,146,2005
08/12/2013 04:52:11,128,800000,166,2042
08/12/2013 04:52:14,128,800000,137,2260
08/12/2013 04:52:18,128,800000,195,2028
08/12/2013 04:52:21,128,800000,215,2065
08/12/2013 04:52:24,128,800000,175,1991
08/12/2013 04:52:28,128,800000,249,2327
08/12/2013 04:52:31,128,800000,124,2021
08/12/2013 04:52:35,128,1000000,232,2532
08/12/2013 04:52:39,128,1000000,408,2493
08/12/2013 04:52:43,128,1000000,315,2458
08/12/2013 04:52:47,128,1000000,252,2533
08/12/2013 04:52:51,128,1000000,300,2468
08/12/2013 04:52:54,128,1000000,209,2491
08/12/2013 04:52:58,128,1000000,285,2500
08/12/2013 04:53:02,128,1000000,567,2487
08/12/2013 04:53:06,128,1000000,304,2474
08/12/2013 04:53:10,128,1000000,518,2490
08/12/2013 04:53:17,128,2000000,324,4894
08/12/2013 04:53:24,128,2000000,292,5526
08/12/2013 04:53:31,128,2000000,432,4990
08/12/2013 04:53:38,128,2000000,328,5016
08/12/2013 04:53:45,128,2000000,531,4928
08/12/2013 04:53:51,128,2000000,300,4889
08/12/2013 04:53:58,128,2000000,683,4956
08/12/2013 04:54:05,128,2000000,330,4950
08/12/2013 04:54:12,128,2000000,408,4906
08/12/2013 04:54:19,128,2000000,379,4926
08/12/2013 04:54:31,128,4000000,208,9903
08/12/2013 04:54:44,128,4000000,345,9572
08/12/2013 04:54:56,128,4000000,426,9700
08/12/2013 04:55:08,128,4000000,542,9676
08/12/2013 04:55:23,128,4000000,1917,9875
08/12/2013 04:55:35,128,4000000,550,9605
08/12/2013 04:55:48,128,4000000,654,9836
08/12/2013 04:56:01,128,4000000,363,9839
08/12/2013 04:56:14,128,4000000,512,10016
08/12/2013 04:56:27,128,4000000,1232,9725
08/12/2013 04:56:46,128,6000000,613,14431
08/12/2013 04:57:05,128,6000000,533,15079
08/12/2013 04:57:24,128,6000000,800,15101
08/12/2013 04:57:43,128,6000000,314,15161
08/12/2013 04:58:02,128,6000000,412,14573
08/12/2013 04:58:21,128,6000000,1373,14804
08/12/2013 04:58:39,128,6000000,448,14516
08/12/2013 04:58:59,128,6000000,745,14614
08/12/2013 04:59:18,128,6000000,928,14674
08/12/2013 04:59:37,128,6000000,664,14941
08/12/2013 05:00:01,128,8000000,564,19339
08/12/2013 05:00:26,128,8000000,1265,19339
08/12/2013 05:00:50,128,8000000,785,19721
08/12/2013 05:01:15,128,8000000,761,19892
08/12/2013 05:01:39,128,8000000,656,19612
08/12/2013 05:02:03,128,8000000,513,19625
08/12/2013 05:02:28,128,8000000,1391,19401
08/12/2013 05:02:52,128,8000000,698,19667
08/12/2013 05:03:16,128,8000000,420,19661
08/12/2013 05:03:41,128,8000000,1051,19854
08/12/2013 05:04:11,128,10000000,338,25015
08/12/2013 05:04:42,128,10000000,999,24196
08/12/2013 05:05:14,128,10000000,1149,24462
08/12/2013 05:05:43,128,10000000,600,24618
08/12/2013 05:06:15,128,10000000,559,24537
08/12/2013 05:06:46,128,10000000,578,25091
08/12/2013 05:07:17,128,10000000,1529,24678
08/12/2013 05:07:49,128,10000000,883,25052
08/12/2013 05:08:20,128,10000000,1271,24455
08/12/2013 05:08:51,128,10000000,1010,24908
08/12/2013 05:09:52,128,20000000,1831,49911
08/12/2013 05:10:54,128,20000000,655,50651
08/12/2013 05:11:55,128,20000000,1177,50439
08/12/2013 05:12:59,128,20000000,1213,51107
08/12/2013 05:14:02,128,20000000,2762,50106
08/12/2013 05:15:06,128,20000000,1902,50479
08/12/2013 05:16:10,128,20000000,1418,50264
08/12/2013 05:17:09,128,20000000,644,49745
08/12/2013 05:18:09,128,20000000,1664,48851
08/12/2013 05:19:20,128,20000000,4529,57575
08/12/2013 05:21:22,128,40000000,1441,103193
08/12/2013 05:23:29,128,40000000,1006,110134
08/12/2013 05:25:38,128,40000000,3776,103465
08/12/2013 05:27:37,128,40000000,1276,102138
08/12/2013 05:29:39,128,40000000,982,104655
08/12/2013 05:31:38,128,40000000,1000,102043
08/12/2013 05:33:47,128,40000000,1729,110188
08/12/2013 05:35:47,128,40000000,1087,103438
08/12/2013 05:37:49,128,40000000,986,104443
08/12/2013 05:39:56,128,40000000,1000,104395
08/12/2013 05:42:52,128,60000000,1375,150519
08/12/2013 05:45:52,128,60000000,1328,145924
08/12/2013 05:48:48,128,60000000,1776,146763
08/12/2013 05:52:10,128,60000000,1311,176021
08/12/2013 05:55:01,128,60000000,1300,146343
08/12/2013 05:58:05,128,60000000,1512,149495
08/12/2013 06:01:04,128,60000000,1965,149167
08/12/2013 06:04:05,128,60000000,1402,146138
08/12/2013 06:07:01,128,60000000,1183,149356
08/12/2013 06:10:10,128,60000000,2128,152910
08/12/2013 06:14:18,128,80000000,1767,201058
08/12/2013 06:18:09,128,80000000,2313,195282
08/12/2013 06:21:58,128,80000000,1981,194787
08/12/2013 06:25:47,128,80000000,1875,194832
08/12/2013 06:29:43,128,80000000,2330,196176
08/12/2013 06:34:21,128,80000000,2469,229080
08/12/2013 06:38:24,128,80000000,2517,193996
08/12/2013 06:42:15,128,80000000,1581,193101
08/12/2013 06:46:15,128,80000000,1594,194700
08/12/2013 06:50:23,128,80000000,2453,199153
08/12/2013 06:55:30,128,100000000,2042,246650
08/12/2013 07:00:25,128,100000000,2000,250233
08/12/2013 07:05:07,128,100000000,1811,241006
08/12/2013 07:09:53,128,100000000,1942,243836
08/12/2013 07:14:52,128,100000000,2748,239196
08/12/2013 07:19:50,128,100000000,2170,242595
08/12/2013 07:24:38,128,100000000,2099,239734
08/12/2013 07:29:39,128,100000000,2447,240115
08/12/2013 07:34:18,128,100000000,2049,237609
08/12/2013 07:39:22,128,100000000,2656,243373
08/12/2013 07:39:23,256,20000,54,122
08/12/2013 07:39:23,256,20000,61,122
08/12/2013 07:39:24,256,20000,83,128
08/12/2013 07:39:25,256,20000,84,122
08/12/2013 07:39:26,256,20000,58,129
08/12/2013 07:39:27,256,20000,104,124
08/12/2013 07:39:28,256,20000,48,134
08/12/2013 07:39:28,256,20000,54,122
08/12/2013 07:39:29,256,20000,88,124
08/12/2013 07:39:30,256,20000,55,122
08/12/2013 07:39:31,256,40000,189,231
08/12/2013 07:39:32,256,40000,285,226
08/12/2013 07:39:33,256,40000,169,215
08/12/2013 07:39:34,256,40000,98,220
08/12/2013 07:39:35,256,40000,72,219
08/12/2013 07:39:36,256,40000,86,217
08/12/2013 07:39:37,256,40000,76,215
08/12/2013 07:39:38,256,40000,126,216
08/12/2013 07:39:39,256,40000,102,216
08/12/2013 07:39:40,256,40000,212,217
08/12/2013 07:39:41,256,60000,216,311
08/12/2013 07:39:43,256,60000,83,312
08/12/2013 07:39:44,256,60000,160,323
08/12/2013 07:39:45,256,60000,135,321
08/12/2013 07:39:46,256,60000,220,316
08/12/2013 07:39:47,256,60000,131,324
08/12/2013 07:39:49,256,60000,229,331
08/12/2013 07:39:49,256,60000,119,316
08/12/2013 07:39:50,256,60000,115,315
08/12/2013 07:39:52,256,60000,84,315
08/12/2013 07:39:54,256,80000,1146,412
08/12/2013 07:39:55,256,80000,179,409
08/12/2013 07:39:56,256,80000,173,410
08/12/2013 07:39:58,256,80000,228,407
08/12/2013 07:39:59,256,80000,127,406
08/12/2013 07:40:00,256,80000,175,427
08/12/2013 07:40:02,256,80000,400,418
08/12/2013 07:40:03,256,80000,250,413
08/12/2013 07:40:04,256,80000,229,410
08/12/2013 07:40:06,256,80000,186,407
08/12/2013 07:40:07,256,100000,122,505
08/12/2013 07:40:08,256,100000,104,503
08/12/2013 07:40:10,256,100000,144,507
08/12/2013 07:40:11,256,100000,126,536
08/12/2013 07:40:12,256,100000,144,502
08/12/2013 07:40:14,256,100000,109,504
08/12/2013 07:40:15,256,100000,113,506
08/12/2013 07:40:16,256,100000,116,510
08/12/2013 07:40:17,256,100000,94,506
08/12/2013 07:40:19,256,100000,296,503
08/12/2013 07:40:21,256,200000,155,1062
08/12/2013 07:40:23,256,200000,269,1063
08/12/2013 07:40:25,256,200000,341,1056
08/12/2013 07:40:27,256,200000,299,1057
08/12/2013 07:40:29,256,200000,172,1056
08/12/2013 07:40:31,256,200000,145,1054
08/12/2013 07:40:33,256,200000,170,1059
08/12/2013 07:40:35,256,200000,206,1077
08/12/2013 07:40:38,256,200000,140,1079
08/12/2013 07:40:39,256,200000,129,1065
08/12/2013 07:40:43,256,400000,264,2044
08/12/2013 07:40:46,256,400000,176,2051
08/12/2013 07:40:49,256,400000,358,2053
08/12/2013 07:40:52,256,400000,235,2062
08/12/2013 07:40:55,256,400000,139,2121
08/12/2013 07:40:58,256,400000,288,2055
08/12/2013 07:41:02,256,400000,317,2087
08/12/2013 07:41:05,256,400000,248,2049
08/12/2013 07:41:08,256,400000,222,2044
08/12/2013 07:41:11,256,400000,254,2092
08/12/2013 07:41:16,256,600000,186,3337
08/12/2013 07:41:20,256,600000,175,3429
08/12/2013 07:41:25,256,600000,260,3264
08/12/2013 07:41:29,256,600000,185,3297
08/12/2013 07:41:34,256,600000,155,3326
08/12/2013 07:41:39,256,600000,679,3271
08/12/2013 07:41:43,256,600000,269,3227
08/12/2013 07:41:48,256,600000,177,3312
08/12/2013 07:41:52,256,600000,277,3344
08/12/2013 07:41:57,256,600000,428,3263
08/12/2013 07:42:03,256,800000,241,4540
08/12/2013 07:42:09,256,800000,260,4935
08/12/2013 07:42:16,256,800000,220,4918
08/12/2013 07:42:22,256,800000,506,4288
08/12/2013 07:42:28,256,800000,258,4680
08/12/2013 07:42:34,256,800000,349,4534
08/12/2013 07:42:40,256,800000,243,4460
08/12/2013 07:42:45,256,800000,301,4435
08/12/2013 07:42:51,256,800000,251,4359
08/12/2013 07:42:58,256,800000,1127,4266
08/12/2013 07:43:05,256,1000000,186,5983
08/12/2013 07:43:12,256,1000000,467,5548
08/12/2013 07:43:19,256,1000000,253,5463
08/12/2013 07:43:26,256,1000000,284,5439
08/12/2013 07:43:33,256,1000000,150,5734
08/12/2013 07:43:41,256,1000000,340,5867
08/12/2013 07:43:48,256,1000000,297,5841
08/12/2013 07:43:55,256,1000000,265,5492
08/12/2013 07:44:02,256,1000000,469,5353
08/12/2013 07:44:09,256,1000000,219,5464
08/12/2013 07:44:23,256,2000000,366,11430
08/12/2013 07:44:36,256,2000000,333,11329
08/12/2013 07:44:51,256,2000000,1208,11402
08/12/2013 07:45:05,256,2000000,694,11451
08/12/2013 07:45:18,256,2000000,231,11540
08/12/2013 07:45:32,256,2000000,361,11267
08/12/2013 07:45:45,256,2000000,419,11433
08/12/2013 07:45:59,256,2000000,422,11308
08/12/2013 07:46:12,256,2000000,481,11105
08/12/2013 07:46:26,256,2000000,380,11224
08/12/2013 07:46:53,256,4000000,588,23286
08/12/2013 07:47:21,256,4000000,895,23373
08/12/2013 07:47:48,256,4000000,642,23337
08/12/2013 07:48:15,256,4000000,675,23367
08/12/2013 07:48:41,256,4000000,622,23148
08/12/2013 07:49:08,256,4000000,693,23266
08/12/2013 07:49:35,256,4000000,536,23172
08/12/2013 07:50:01,256,4000000,428,23211
08/12/2013 07:50:28,256,4000000,470,23189
08/12/2013 07:50:55,256,4000000,1105,23149
08/12/2013 07:51:34,256,6000000,306,35166
08/12/2013 07:52:15,256,6000000,774,35177
08/12/2013 07:52:54,256,6000000,730,34239
08/12/2013 07:53:35,256,6000000,321,35045
08/12/2013 07:54:15,256,6000000,376,35747
08/12/2013 07:54:56,256,6000000,1095,35602
08/12/2013 07:55:35,256,6000000,747,33405
08/12/2013 07:56:15,256,6000000,1347,34976
08/12/2013 07:56:55,256,6000000,666,34383
08/12/2013 07:57:35,256,6000000,1037,33963
08/12/2013 07:58:28,256,8000000,448,47195
08/12/2013 07:59:20,256,8000000,1057,46483
08/12/2013 08:00:13,256,8000000,375,46468
08/12/2013 08:01:05,256,8000000,575,46575
08/12/2013 08:02:00,256,8000000,353,47797
08/12/2013 08:02:53,256,8000000,1358,46362
08/12/2013 08:03:48,256,8000000,739,47164
08/12/2013 08:04:42,256,8000000,645,47054
08/12/2013 08:05:33,256,8000000,1083,44492
08/12/2013 08:06:26,256,8000000,759,46589
08/12/2013 08:07:33,256,10000000,898,59027
08/12/2013 08:08:38,256,10000000,1189,56599
08/12/2013 08:09:46,256,10000000,653,58840
08/12/2013 08:10:54,256,10000000,1867,59380
08/12/2013 08:12:02,256,10000000,356,59624
08/12/2013 08:13:09,256,10000000,1149,58551
08/12/2013 08:14:18,256,10000000,2251,58604
08/12/2013 08:15:25,256,10000000,1231,58813
08/12/2013 08:16:31,256,10000000,627,57851
08/12/2013 08:17:48,256,10000000,2137,66516
08/12/2013 08:20:01,256,20000000,727,120708
08/12/2013 08:22:17,256,20000000,1097,121535
08/12/2013 08:24:32,256,20000000,947,121122
08/12/2013 08:26:48,256,20000000,1790,119479
08/12/2013 08:29:08,256,20000000,1762,121321
08/12/2013 08:31:20,256,20000000,1091,117666
08/12/2013 08:33:35,256,20000000,1169,119162
08/12/2013 08:35:52,256,20000000,1718,118952
08/12/2013 08:38:06,256,20000000,1056,119268
08/12/2013 08:40:22,256,20000000,1911,118781
08/12/2013 08:44:44,256,40000000,1341,233502
08/12/2013 08:49:20,256,40000000,2001,244116
08/12/2013 08:53:49,256,40000000,1400,234342
08/12/2013 08:58:20,256,40000000,1613,238447
08/12/2013 09:02:42,256,40000000,1240,234158
08/12/2013 09:07:16,256,40000000,2159,242664
08/12/2013 09:11:36,256,40000000,1192,233611
08/12/2013 09:16:07,256,40000000,1297,241625
08/12/2013 09:20:39,256,40000000,1342,244298
08/12/2013 09:25:07,256,40000000,1872,238597
08/12/2013 09:31:49,256,60000000,1663,361040
08/12/2013 09:38:36,256,60000000,1728,365282
08/12/2013 09:45:17,256,60000000,1740,357744
08/12/2013 09:52:02,256,60000000,1765,358076
08/12/2013 09:58:38,256,60000000,2628,354076
08/12/2013 10:05:23,256,60000000,1876,362498
08/12/2013 10:12:02,256,60000000,2643,352761
08/12/2013 10:18:49,256,60000000,2151,365369
08/12/2013 10:25:38,256,60000000,1889,362525
08/12/2013 10:32:17,256,60000000,1723,358304
08/12/2013 10:41:14,256,80000000,2244,481943
08/12/2013 10:50:21,256,80000000,2003,491601
08/12/2013 10:59:27,256,80000000,2123,483150
08/12/2013 11:08:16,256,80000000,1830,474481
08/12/2013 11:17:18,256,80000000,1959,478646
08/12/2013 11:26:23,256,80000000,2199,486443
08/12/2013 11:35:34,256,80000000,2343,495546
08/12/2013 11:44:46,256,80000000,2331,495525
08/12/2013 11:54:02,256,80000000,2429,496029
08/12/2013 12:03:26,256,80000000,2171,505920
08/12/2013 12:14:58,256,100000000,2928,624859
08/12/2013 12:27:46,256,100000000,2262,685372
08/12/2013 12:38:55,256,100000000,3478,598178
08/12/2013 12:50:05,256,100000000,1926,597414
08/12/2013 01:01:27,256,100000000,2161,609162
08/12/2013 01:12:49,256,100000000,2985,610529
08/12/2013 01:24:30,256,100000000,2163,616238
08/12/2013 01:35:57,256,100000000,2421,613098
08/12/2013 01:47:43,256,100000000,2048,622742
08/12/2013 01:59:09,256,100000000,2809,617593
