t,n,SortTime,CombineTime
1,10000,12259529,181770
1,10000,13710796,198616
1,10000,11405200,178697
1,10000,12451856,177129
1,10000,12713182,181571
1,10000,13187529,181364
1,10000,13347823,177242
1,10000,13101208,185576
1,10000,12710598,191590
1,10000,13283710,183533
1,20000,20573061,360086
1,20000,20943546,344303
1,20000,23517744,347132
1,20000,21420223,386090
1,20000,21409554,375585
1,20000,20617839,339851
1,20000,20804069,343950
1,20000,20871144,350264
1,20000,21661896,337269
1,20000,20817098,354652
1,30000,31342539,986558
1,30000,28595002,865364
1,30000,31203020,1249157
1,30000,28180364,1407269
1,30000,31846827,1212573
1,30000,32635837,1104423
1,30000,30644614,998330
1,30000,30046403,1356782
1,30000,30967943,846461
1,30000,30881132,869437
1,40000,41178529,915142
1,40000,39477760,1064852
1,40000,35975349,1562939
1,40000,40745345,1392150
1,40000,35911548,1159843
1,40000,35224046,1153867
1,40000,37264314,1513804
1,40000,37586803,1174467
1,40000,45736145,1561357
1,40000,42596081,1498405
1,50000,50318902,809905
1,50000,44733993,787872
1,50000,47504573,829258
1,50000,48750640,828007
1,50000,47778879,609650
1,50000,48731810,816407
1,50000,47300565,815607
1,50000,44695507,815585
1,50000,48900057,849122
1,50000,48377902,839895
1,60000,51829015,999406
1,60000,57254816,982148
1,60000,58796771,995896
1,60000,57727276,724574
1,60000,52084351,986239
1,60000,55917467,805157
1,60000,51987568,977447
1,60000,50197729,969048
1,60000,58207774,982496
1,60000,58789023,1053794
1,70000,64286987,1160020
1,70000,61177780,849179
1,70000,68074506,1162579
1,70000,67989807,863050
1,70000,57706312,1165703
1,70000,61946447,856397
1,70000,64112761,1152904
1,70000,67126449,1143704
1,70000,63445232,1165380
1,70000,64147803,1191587
1,80000,70247182,1296412
1,80000,75327652,963852
1,80000,70774276,1316721
1,80000,71445608,1304264
1,80000,72617779,959241
1,80000,69246991,948598
1,80000,70500218,1320856
1,80000,76113384,978252
1,80000,74064038,1131603
1,80000,75201539,1340098
1,90000,80422820,1455999
1,90000,79875552,1475516
1,90000,73129497,1454774
1,90000,79367281,1468047
1,90000,84810586,1477699
1,90000,82757688,1470148
1,90000,84567974,1298993
1,90000,80046178,1459968
1,90000,78645379,1443566
1,90000,81651203,1374648
1,100000,89211398,1276594
1,100000,86328496,1581160
1,100000,86267630,1648709
1,100000,82946749,1638637
1,100000,89407825,1229007
1,100000,97593892,1647042
1,100000,81643801,1632417
1,100000,86984210,1236046
1,100000,90678958,1228280
1,100000,87517022,1647093
1,100000,85810754,1211025
1,100000,85088864,1639976
1,100000,78998737,1506971
1,100000,92265915,1649198
1,100000,94526856,1229924
1,100000,89730441,1631794
1,100000,83683335,1499073
1,100000,86874214,1174443
1,100000,83519036,1626309
1,100000,87766197,1657496
1,200000,159642931,1881851
1,200000,158120987,1985362
1,200000,158334152,2029231
1,200000,162504346,2040859
1,200000,157353940,2076634
1,200000,156353918,1987330
1,200000,159354009,2008269
1,200000,167906275,2150688
1,200000,159631303,1993388
1,200000,155440239,1993293
1,300000,231499242,3651155
1,300000,236853730,4255091
1,300000,250319791,3567807
1,300000,251302852,4360988
1,300000,236714392,3537782
1,300000,257811467,3179637
1,300000,230319892,3622532
1,300000,254290467,3616823
1,300000,232541214,3619500
1,300000,259423042,4735951
1,400000,310522055,4115712
1,400000,307446157,4164428
1,400000,305622754,4128712
1,400000,310245596,4873741
1,400000,302218424,4451111
1,400000,309255391,4188929
1,400000,305986730,4126035
1,400000,305320401,4139466
1,400000,306633013,4910824
1,400000,311379280,4132641
1,500000,380562751,5193776
1,500000,381672348,5337786
1,500000,426773970,5087048
1,500000,427733849,5112731
1,500000,420140072,5150613
1,500000,420545290,5375959
1,500000,426274759,5111677
1,500000,422154002,5115778
1,500000,420987447,5156967
1,500000,421699788,5078819
1,600000,497549774,5930310
1,600000,503953152,5991155
1,600000,506314608,5992685
1,600000,503318008,6739187
1,600000,499377009,5968087
1,600000,503259082,5966931
1,600000,507199671,5981736
1,600000,500228734,6001939
1,600000,501758043,6017652
1,600000,501315625,6010722
1,700000,581028075,7516114
1,700000,584260927,7452392
1,700000,581510217,7480034
1,700000,585678040,7449691
1,700000,586983987,7463996
1,700000,586589877,7511671
1,700000,588581501,7467593
1,700000,582945994,7638727
1,700000,587229209,7488672
1,700000,528332202,7517410
1,800000,600561740,8494495
1,800000,665453217,8501320
1,800000,673447956,8509466
1,800000,658472242,8494068
1,800000,600865540,7897207
1,800000,668040606,7948563
1,800000,661885581,7911327
1,800000,661950768,8464889
1,800000,661511199,8490835
1,800000,670094852,8547816
1,900000,755176112,8956651
1,900000,752595745,8947897
1,900000,750368286,8971226
1,900000,757772692,9048954
1,900000,751194466,8902346
1,900000,759425047,8958741
1,900000,753094194,8961284
1,900000,676044577,8904130
1,900000,675912473,9004934
1,900000,679564586,9019715
1,1000000,754394083,10167715
1,1000000,758139276,10093334
1,1000000,758283472,10106921
1,1000000,750940359,10180008
1,1000000,755248603,10099174
1,1000000,754333825,10124146
1,1000000,755396104,10078252
1,1000000,755090451,10194410
1,1000000,755452313,10265593
1,1000000,766336521,10178046
1,1000000,750290989,10186209
1,1000000,758210480,10198556
1,1000000,755090582,10236905
1,1000000,754929994,10155397
1,1000000,757565645,10075686
1,1000000,755516102,10099535
1,1000000,757512693,10078708
1,1000000,756156354,10115458
1,1000000,756376202,10164572
1,1000000,751245381,10122676
1,2000000,1503031103,20348217
1,2000000,1513579069,20622116
1,2000000,1510668838,20295700
1,2000000,1511513513,20400846
1,2000000,1678586432,20215208
1,2000000,1674636541,20417814
1,2000000,1668062437,20404953
1,2000000,1678068094,20321893
1,2000000,1677831902,20330989
1,2000000,1687057724,20368634
1,3000000,2518144357,30023662
1,3000000,2521641169,30034952
1,3000000,2516947288,30000812
1,3000000,2513221737,30091701
1,3000000,2511831145,30271453
1,3000000,2518644377,29989048
1,3000000,2519809499,30025096
1,3000000,2522459143,30053012
1,3000000,2505956523,30013838
1,3000000,2512120408,30105316
1,4000000,3384588779,40363491
1,4000000,3384674421,39854766
1,4000000,3389377198,39864662
1,4000000,3012509361,39863763
1,4000000,3027796892,39870615
1,4000000,3017323838,39786813
1,4000000,3038836412,39928006
1,4000000,3019378127,39788071
1,4000000,3026847279,39780406
1,4000000,3389198939,39808392
1,5000000,3766040001,50184655
1,5000000,3770016108,50202374
1,5000000,3771097036,50127271
1,5000000,4230412045,50702897
1,5000000,3751232695,50408681
1,5000000,4225366315,50199282
1,5000000,3759305709,50232875
1,5000000,4225021041,50153645
1,5000000,3757712186,50167202
1,5000000,4222388022,50320283
1,6000000,4503784051,59743403
1,6000000,4512966856,59616293
1,6000000,4501758114,59693517
1,6000000,4497177836,59652020
1,6000000,4496231629,59772748
1,6000000,4500589048,59753245
1,6000000,4505315585,59817325
1,6000000,4507231786,60138289
1,6000000,4503060208,59614928
1,6000000,4517532333,59950293
1,7000000,5951825580,69219520
1,7000000,5290471140,69668972
1,7000000,5287305931,69231974
1,7000000,5306041995,69411779
1,7000000,5288535787,69225538
1,7000000,5276933749,69263591
1,7000000,5280319580,69086747
1,7000000,5289179115,69332252
1,7000000,5280027018,69192635
1,7000000,5289052789,69242079
1,8000000,6048861040,79083055
1,8000000,6821419496,79045684
1,8000000,6069141969,80136929
1,8000000,6812486552,79127598
1,8000000,6825864473,79326636
1,8000000,6806117574,79206215
1,8000000,6841519547,79231031
1,8000000,6824909850,79082151
1,8000000,6826545199,79167041
1,8000000,6826555354,79087660
1,9000000,7665699106,89710302
1,9000000,7667154935,89905522
1,9000000,6803448297,89465480
1,9000000,6832850767,89497626
1,9000000,6809008335,89312738
1,9000000,6801372612,89715360
1,9000000,6813947120,89468399
1,9000000,6800709020,89778506
1,9000000,6796700731,89734776
1,9000000,6812645367,89780200
1,10000000,8524185326,98742500
1,10000000,7548448262,98638071
1,10000000,7568609259,98863118
1,10000000,7546845504,98715045
1,10000000,7547123660,98776970
1,10000000,7554026853,98680982
1,10000000,7569896225,99342933
1,10000000,7547527009,98894886
1,10000000,7555401763,98654608
1,10000000,7540051223,98750626
1,10000000,7556982595,98756318
1,10000000,7548589920,98674654
1,10000000,7548651701,98759102
1,10000000,7547435963,98795276
1,10000000,7543601447,98869264
1,10000000,7548219478,98716925
1,10000000,7543017207,98909139
1,10000000,7542127588,98612614
1,10000000,7557127313,98619033
1,10000000,7550715534,99206113
1,20000000,15244360047,198357864
1,20000000,15254210989,197215398
1,20000000,15190892929,198182661
1,20000000,17260210291,197695448
1,20000000,15174084573,197226714
1,20000000,17232925917,197256995
1,20000000,15155133440,197574271
1,20000000,17208074014,197625652
1,20000000,15162655858,198007279
1,20000000,17201885081,197441331
1,30000000,26108779077,295700953
1,30000000,26119785598,294599064
1,30000000,26093801787,294548966
1,30000000,26136606788,294827320
1,30000000,26084353974,294598743
1,30000000,26055341002,294784281
1,30000000,23022966489,295101928
1,30000000,23006129705,294420781
1,30000000,22936253300,294836123
1,30000000,22921644361,295270068
1,40000000,30596803276,393842689
1,40000000,30553458073,395562989
1,40000000,35073070991,394322148
1,40000000,34774153641,393880187
1,40000000,34786146294,393352467
1,40000000,34770333370,393176484
1,40000000,34784747231,395270860
1,40000000,34795419315,393471794
1,40000000,34792870731,392944342
1,40000000,34774989200,393080403
1,50000000,43461311813,493599626
1,50000000,43537825447,490941973
1,50000000,43466022999,493073054
1,50000000,43571816278,490460501
1,50000000,43474549432,490290343
1,50000000,43582531435,490342998
1,50000000,43597300949,490464571
1,50000000,43531531000,490780895
1,50000000,43583347286,490810185
1,50000000,43609264347,490473903
1,60000000,46279811452,589198228
1,60000000,46713508722,589835131
1,60000000,46334973947,592374438
1,60000000,46228104550,592464058
1,60000000,46038576816,592026912
1,60000000,46130850837,589369504
1,60000000,52740722454,590082452
1,60000000,52708853241,592672564
1,60000000,46181064674,591898523
1,60000000,46211281136,589461632
1,70000000,54022650703,688631354
1,70000000,53748900058,687965668
1,70000000,53768019655,691263019
1,70000000,55367778114,687655242
1,70000000,53751073450,687403702
1,70000000,61730161257,687726413
1,70000000,65689868457,690605827
1,70000000,61562992545,687474942
1,70000000,61497574202,687603980
1,70000000,61446617383,688140569
1,80000000,70245051255,785125872
1,80000000,61464910086,785089263
1,80000000,61421838251,788043635
1,80000000,61415944002,786825410
1,80000000,61408836595,788461642
1,80000000,61494617634,788462214
1,80000000,69679701629,784957436
1,80000000,70180301015,788067606
1,80000000,61195627091,788230444
1,80000000,70115868603,786460590
1,80000000,70295882601,784873033
1,80000000,70203005423,787231932
1,90000000,79107560890,1944857860
1,90000000,79207374673,901217405
1,90000000,79069673166,884527058
1,90000000,79190411493,887560850
1,90000000,79096981198,882674412
1,90000000,79096413802,884160660
1,90000000,69077229423,883447120
1,90000000,68980748871,883231679
2,10000,8246517,332349
2,10000,8052247,339915
2,10000,8728999,353801
2,10000,7639986,325759
2,10000,8172490,350938
2,10000,8597323,348126
2,10000,8420440,333956
2,10000,8230143,339102
2,10000,7983976,359358
2,10000,8083700,273077
2,10000,7744347,343070
2,10000,7847549,336548
2,20000,13348362,670971
2,20000,12407853,674664
2,20000,13425146,691258
2,20000,13163568,659667
2,20000,12175360,585474
2,20000,13614262,696826
2,20000,12703851,670289
2,20000,12828077,690415
2,20000,13499091,659056
2,20000,12541538,656755
2,30000,19938981,929114
2,30000,18539146,1377990
2,30000,19287574,1449245
2,30000,18505054,2000124
2,30000,18613584,1553286
2,30000,20398577,2008371
2,30000,19637508,1501360
2,30000,19025087,1404325
2,30000,18519681,1222376
2,30000,19734972,878160
2,40000,26428164,1317701
2,40000,23341720,1253679
2,40000,24917615,830353
2,40000,23656842,1229843
2,40000,25737480,1291239
2,40000,26956774,1308456
2,40000,24869140,1306979
2,40000,24540438,1308086
2,40000,23741582,1309402
2,40000,23785399,1164541
2,50000,32894684,1630900
2,50000,29748620,1620436
2,50000,32481946,1640831
2,50000,29300312,1180620
2,50000,33491138,1627110
2,50000,33271727,1630191
2,50000,29751513,1636518
2,50000,32068660,1640091
2,50000,30469412,1617997
2,50000,31897070,1609046
2,60000,37232873,1958226
2,60000,35017449,1400156
2,60000,31970576,1689191
2,60000,35995844,1951738
2,60000,36137890,1947476
2,60000,36652085,1964191
2,60000,33500907,1602897
2,60000,31945771,1404425
2,60000,34738439,1956781
2,60000,31973069,1410172
2,70000,37252352,2293495
2,70000,42173481,2167231
2,70000,37268128,1625940
2,70000,40700561,2270519
2,70000,34498492,2290276
2,70000,42352167,2276231
2,70000,37937935,2281229
2,70000,38595251,2285617
2,70000,44297776,2292207
2,70000,38863503,2262734
2,80000,45504844,2583160
2,80000,44544865,2587408
2,80000,44733934,2579524
2,80000,45594509,2591091
2,80000,39394522,1847069
2,80000,42250129,2611907
2,80000,43219599,1850111
2,80000,46358665,1856577
2,80000,41285539,1883139
2,80000,44477869,2595838
2,90000,49421821,2912066
2,90000,48397538,2910904
2,90000,44904183,2571162
2,90000,46892822,3325071
2,90000,48866188,2905766
2,90000,46735066,3731699
2,90000,44969342,2099622
2,90000,50900129,2703853
2,90000,45375413,2108168
2,90000,51890599,3383739
2,100000,51816222,3610085
2,100000,53731867,3709180
2,100000,50346034,2868328
2,100000,53632676,3674084
2,100000,53212790,2777387
2,100000,48503441,2801353
2,100000,51994770,2775185
2,100000,47927268,2817884
2,100000,47959383,2848848
2,100000,52918155,2333203
2,100000,50600293,3643599
2,100000,50631810,2759590
2,100000,48609738,2789209
2,100000,52443435,2734794
2,100000,54791268,2866858
2,100000,52142256,3584220
2,100000,48291269,2844339
2,100000,54062450,2794921
2,100000,51320074,2815789
2,100000,49300569,2782720
2,200000,90995919,4270292
2,200000,95717565,4443311
2,200000,98409248,4549802
2,200000,95959486,4473151
2,200000,91781301,4484517
2,200000,95028226,4443255
2,200000,91516000,4529293
2,200000,99031026,4515222
2,200000,91331589,4470309
2,200000,98719705,5392804
2,300000,143315644,7476370
2,300000,131598721,7287006
2,300000,138544584,7026746
2,300000,133059065,6993335
2,300000,141429821,7009234
2,300000,134870384,7029585
2,300000,139427789,8272721
2,300000,133157321,7730520
2,300000,141974213,7617943
2,300000,132143533,7004424
2,400000,193744954,8871345
2,400000,190023415,8703591
2,400000,193962108,8871618
2,400000,202640265,8833155
2,400000,195121246,8853985
2,400000,188778553,10145473
2,400000,193573983,8824868
2,400000,201292723,8698955
2,400000,198667443,8699149
2,400000,193141043,8702466
2,500000,226352208,11955107
2,500000,243441345,11187830
2,500000,215885576,11154482
2,500000,215861146,14850999
2,500000,217718742,10832795
2,500000,215393413,10775618
2,500000,214606672,12587723
2,500000,214561627,11778913
2,500000,244083645,13672885
2,500000,205305566,12559432
2,600000,254401026,13312371
2,600000,277506049,14713353
2,600000,251009047,13455966
2,600000,280604025,14100052
2,600000,259426213,13359490
2,600000,277281936,13378842
2,600000,264287888,13399159
2,600000,279844825,13359323
2,600000,261903250,14153328
2,600000,265047968,14278548
2,700000,295776728,15198094
2,700000,311748656,15550905
2,700000,291253436,15633064
2,700000,319700798,15420684
2,700000,301721286,15127519
2,700000,319930635,15075364
2,700000,285163678,16273653
2,700000,323518996,15070931
2,700000,297176347,15133579
2,700000,309494440,15700919
2,800000,385251402,17419638
2,800000,340048143,17511582
2,800000,334912661,20309217
2,800000,327356300,17522687
2,800000,328735078,18915078
2,800000,326696535,17426610
2,800000,335708720,17573618
2,800000,342134196,17415514
2,800000,333517288,19151520
2,800000,326592329,17452026
2,900000,403731705,21082556
2,900000,376114350,19888388
2,900000,442720765,19826439
2,900000,429040034,19837955
2,900000,381105697,21474465
2,900000,390510488,19962983
2,900000,615265074,19798398
2,900000,586358861,19808179
2,900000,386047476,19805941
2,900000,378226672,20636305
2,1000000,426607317,21421502
2,1000000,417824228,22176204
2,1000000,415217577,21357045
2,1000000,437197516,21431831
2,1000000,464720314,23032357
2,1000000,428076815,23075215
2,1000000,429824500,21368976
2,1000000,424018140,21382486
2,1000000,449627370,21329268
2,1000000,478878455,21688073
2,1000000,432994831,21367275
2,1000000,488721449,22251705
2,1000000,476344527,22594304
2,1000000,476068757,22530871
2,1000000,443177451,22936070
2,1000000,473502996,21865242
2,1000000,430730868,21648529
2,1000000,433362134,23066161
2,1000000,422236010,23119642
2,1000000,479104199,23705774
2,2000000,845610387,43047939
2,2000000,846056286,43097014
2,2000000,848552014,42814205
2,2000000,933733708,43068660
2,2000000,843551645,43075182
2,2000000,846386419,42932875
2,2000000,843745476,43033757
2,2000000,850770059,43066404
2,2000000,939236100,43092839
2,2000000,843733544,43068075
2,3000000,1511192322,64164350
2,3000000,1348318582,64135066
2,3000000,1325590808,64090361
2,3000000,1524601095,64103412
2,3000000,1529027913,64080122
2,3000000,1355623504,64227538
2,3000000,1339199529,64059576
2,3000000,1260266800,63867290
2,3000000,1444239799,63950504
2,3000000,1387522457,63958770
2,4000000,1790710094,86683894
2,4000000,1700174167,86323105
2,4000000,1776938310,86025684
2,4000000,1856122329,85817562
2,4000000,1865974096,85396169
2,4000000,1626636246,86084086
2,4000000,1955883577,85618559
2,4000000,1630136232,85411472
2,4000000,1869935221,85459286
2,4000000,1621958018,85600869
2,5000000,2056313241,106688150
2,5000000,2022626580,107372320
2,5000000,2368815087,106128614
2,5000000,2076359943,106389039
2,5000000,2380660517,106108097
2,5000000,2335782763,106159568
2,5000000,2364602728,106039288
2,5000000,2326495824,106516386
2,5000000,2371872879,106158742
2,5000000,2359795565,106192043
2,6000000,2695649045,127265032
2,6000000,2807805130,127069808
2,6000000,2851223373,127300377
2,6000000,2779155858,127390937
2,6000000,2779064395,127959445
2,6000000,2886250404,127200131
2,6000000,2796375508,127522877
2,6000000,2791581489,127286491
2,6000000,2896415047,127317763
2,6000000,2881054092,127211191
2,7000000,3160493585,148825549
2,7000000,2911595301,148751884
2,7000000,2881546618,148740129
2,7000000,2938349035,148632519
2,7000000,3268711178,149177072
2,7000000,2967340087,148687411
2,7000000,2977036109,148654742
2,7000000,2972809693,148637732
2,7000000,2953108357,147941501
2,7000000,2892420343,148683890
2,8000000,3249769087,169271513
2,8000000,3864707575,171445613
2,8000000,3871187538,171185649
2,8000000,3223636732,170675565
2,8000000,3261602876,169179807
2,8000000,3224357763,169334317
2,8000000,3263083483,170570044
2,8000000,3248159218,169554230
2,8000000,3211780039,169421133
2,8000000,3255210640,169224806
2,9000000,4252541133,190330722
2,9000000,4273996908,190152892
2,9000000,4213736888,190238255
2,9000000,4225705546,190327558
2,9000000,4350649814,190383700
2,9000000,4359382293,190297512
2,9000000,4229915827,190198507
2,9000000,4123205349,190321846
2,9000000,4118449296,195536446
2,9000000,4395293209,190888777
2,10000000,4908297160,212810541
2,10000000,4845742319,212582878
2,10000000,4494419898,211992648
2,10000000,4876515609,212270189
2,10000000,4528383271,212438169
2,10000000,4829906227,212793836
2,10000000,4847951701,214858653
2,10000000,4884061442,212334388
2,10000000,4885111408,213587877
2,10000000,4834521777,213075793
2,10000000,4595798283,212476808
2,10000000,4603697942,212926012
2,10000000,5259592689,212422675
2,10000000,4689926830,212689220
2,10000000,4618789653,212491245
2,10000000,4632240701,212396140
2,10000000,4644062554,212539272
2,10000000,4621063433,212423333
2,10000000,4900626848,214330702
2,10000000,4908726942,212895956
2,20000000,9344278075,423186425
2,20000000,9450158005,424323174
2,20000000,9495680927,423148182
2,20000000,9282680995,423355812
2,20000000,9274774336,423008851
2,20000000,9641393001,422869101
2,20000000,8415512998,421107917
2,20000000,9476664535,425803010
2,20000000,9409197891,423860671
2,20000000,9315798313,423023848
2,30000000,14211992545,633582559
2,30000000,12730043668,634198072
2,30000000,12760249299,634368318
2,30000000,12651436600,633329069
2,30000000,12676302020,633782354
2,30000000,14604966966,633715336
2,30000000,14298969841,633768675
2,30000000,14489102850,633507823
2,30000000,14505544305,633818990
2,30000000,12665870653,634086881
2,40000000,17004700078,844596707
2,40000000,17082847381,844653357
2,40000000,18962975629,845207067
2,40000000,18889936923,844748545
2,40000000,17060608166,845240849
2,40000000,19694371485,845438630
2,40000000,19567450288,845322460
2,40000000,19676494603,844257386
2,40000000,19508234384,844035784
2,40000000,19092955860,844984481
2,50000000,23882601294,1054871661
2,50000000,23800944399,1054603680
2,50000000,23795887052,1055624812
2,50000000,24095282385,1054436261
2,50000000,23695009532,1055745616
2,50000000,23748753742,1054746885
2,50000000,23885074061,1054376402
2,50000000,23694229767,1055167688
2,50000000,24063891990,1055175461
2,50000000,23843482519,1055364307
2,60000000,28789575180,1266248243
2,60000000,25359033598,1265992306
2,60000000,25399228152,1267191481
2,60000000,25419558859,1266797769
2,60000000,28970586083,1266429361
2,60000000,25312721461,1265661679
2,60000000,25696246672,1266335988
2,60000000,25681976241,1266896479
2,60000000,25291750198,1265923777
2,60000000,29729593902,1265640784
2,70000000,34715452066,1477210256
2,70000000,33716314070,1476835588
2,70000000,32702591180,1477138781
2,70000000,33064089453,1477135421
2,70000000,29259569516,1476573642
2,70000000,29356558966,1479635743
2,70000000,33445471325,1476660953
2,70000000,29447587814,1477058764
2,70000000,29437860505,1477769214
2,70000000,29187134028,1476607234
2,80000000,39673353418,1687057532
2,80000000,39074261887,1698104249
2,80000000,34190189067,1688729207
2,80000000,38844244993,1694297978
2,80000000,39401666514,1687687565
2,80000000,38917177411,1687810928
2,80000000,39381336123,1687794055
2,80000000,38716585624,1687115416
2,80000000,34692014184,1689727787
2,80000000,39135013589,1687479077
2,90000000,43581327569,1898022598
2,90000000,43682386646,1897302440
2,90000000,43594287996,1897674464
2,90000000,43821592517,1897732625
2,90000000,43720120472,1898929456
2,90000000,43769032354,1897246346
2,90000000,43606849883,1896821119
2,90000000,43738049843,1897566705
2,90000000,43249241629,1898359612
2,90000000,43718039575,1897439267
2,100000000,48099958368,2329780162
2,100000000,48650784911,2154318796
2,100000000,48548448142,2120047764
2,100000000,48522566786,2149694558
2,100000000,47876647942,2119519604
2,100000000,48572738567,2124062817
2,100000000,48779618025,2120542566
2,100000000,48689027974,2132208890
2,100000000,48045152914,2118664417
2,100000000,48499990856,2121093550
4,10000,6976060,390395
4,10000,6410299,548264
4,10000,6057206,416562
4,10000,6063242,570693
4,10000,5856382,558737
4,10000,6109405,555350
4,10000,6570840,552386
4,10000,6289246,403845
4,10000,6238279,551786
4,10000,5809411,408148
4,20000,9469769,1097687
4,20000,10174635,1113730
4,20000,9293514,1123026
4,20000,9774348,1091346
4,20000,9501683,1087561
4,20000,8571169,793851
4,20000,9591692,1100677
4,20000,10115098,1082339
4,20000,9760666,1097492
4,20000,9478796,1080873
4,30000,12552840,1631745
4,30000,13353492,1634123
4,30000,13686914,1616392
4,30000,12433866,1620435
4,30000,14032603,1643735
4,30000,13460496,1631022
4,30000,12894596,1631251
4,30000,13734656,1655032
4,30000,13057127,1569577
4,30000,12758945,1610969
4,40000,17710377,2175411
4,40000,16770886,2228440
4,40000,16694126,2174169
4,40000,16199700,2192774
4,40000,16801169,2209207
4,40000,17162644,2211440
4,40000,16795944,2210071
4,40000,17381791,2185367
4,40000,17085517,2181164
4,40000,16373531,2197294
4,50000,19349991,2810477
4,50000,20126073,2714313
4,50000,18944847,2579881
4,50000,17794158,2692499
4,50000,18507968,2710482
4,50000,18322016,2716239
4,50000,18009755,2724635
4,50000,19262013,2708256
4,50000,19305991,2725497
4,50000,19157219,2724806
4,60000,24544557,3231881
4,60000,21050606,3626340
4,60000,23621568,3240748
4,60000,23145984,3236521
4,60000,21187271,3252694
4,60000,22436204,3227673
4,60000,21433266,2313451
4,60000,22941148,3545234
4,60000,22236391,3231086
4,60000,22475694,3235780
4,70000,26210099,4152182
4,70000,27264083,4097049
4,70000,24998500,3163389
4,70000,26043557,3394925
4,70000,23812111,3764645
4,70000,28668693,4181686
4,70000,26959326,3756202
4,70000,25569209,4155451
4,70000,27041544,4154608
4,70000,27272006,3111284
4,80000,26002953,4364391
4,80000,30152284,4834536
4,80000,27055015,4812242
4,80000,26219723,4315184
4,80000,29657717,3617031
4,80000,29105879,4816741
4,80000,29769273,4350271
4,80000,30724051,4818883
4,80000,28844101,4735443
4,80000,29317688,4836152
4,90000,30710435,5317856
4,90000,29340945,5280713
4,90000,31809402,5258159
4,90000,30733187,5374283
4,90000,32058398,5390294
4,90000,31139961,5407780
4,90000,34212295,5319420
4,90000,30616090,5380002
4,90000,34582913,3981261
4,90000,32956905,5296500
4,100000,33905041,5791068
4,100000,36443957,5810950
4,100000,31834005,5719780
4,100000,34327562,5770728
4,100000,35018754,4450417
4,100000,29637240,4295937
4,100000,33120190,5796687
4,100000,32672294,4193842
4,100000,31520636,5768749
4,100000,33997398,4061438
4,100000,34083955,5751191
4,100000,35185105,5817315
4,100000,32826880,5760911
4,100000,36615283,5773252
4,100000,33494186,4268283
4,100000,31641857,5717114
4,100000,36179402,5824718
4,100000,30317356,4302140
4,100000,32690262,5763544
4,100000,32651672,4303740
4,200000,61527244,9893465
4,200000,57601925,10450273
4,200000,60032200,7786729
4,200000,59717834,8056861
4,200000,60106399,7788466
4,200000,57711643,10008081
4,200000,63191686,7707458
4,200000,61132062,10391346
4,200000,59266348,8365611
4,200000,59182937,8547021
4,300000,92308223,11087054
4,300000,95832370,11145545
4,300000,91210073,11497703
4,300000,87755683,11477493
4,300000,93900482,11672741
4,300000,94083538,11045678
4,300000,85023289,11108748
4,300000,95219691,11075811
4,300000,91689496,11537279
4,300000,86875833,10956750
4,400000,110834215,15086750
4,400000,123063852,16978362
4,400000,114148008,14958975
4,400000,114899213,15990025
4,400000,112673377,14968293
4,400000,117411906,14973669
4,400000,114345811,15103449
4,400000,112715256,14972999
4,400000,114109351,15161181
4,400000,112848203,15117702
4,500000,139826396,18545988
4,500000,136023807,18580842
4,500000,132893219,18641421
4,500000,382996766,18418408
4,500000,132894789,18478307
4,500000,135757918,18461493
4,500000,147767639,18501607
4,500000,134256342,18515696
4,500000,142199425,18582039
4,500000,139477941,18484208
4,600000,175677106,21807973
4,600000,180955334,21820081
4,600000,159035763,22356885
4,600000,156569101,22370386
4,600000,166652888,22413843
4,600000,161875236,23058356
4,600000,172260961,22292117
4,600000,167395304,22500602
4,600000,173247239,22343283
4,600000,179639478,21810216
4,700000,191497364,25636132
4,700000,204871676,25676642
4,700000,191622884,27183786
4,700000,634040195,25843679
4,700000,198427316,26842127
4,700000,192373532,25867878
4,700000,190213338,25560655
4,700000,204594420,25862422
4,700000,183586657,25623661
4,700000,195294395,25565134
4,800000,218817110,29851541
4,800000,221289347,29154518
4,800000,234776764,28851467
4,800000,241499925,28926054
4,800000,219659712,28935404
4,800000,215570955,28836601
4,800000,442088527,28944217
4,800000,460385357,29093187
4,800000,222500111,28853200
4,800000,217552306,29042527
4,900000,242759140,33193621
4,900000,249623289,33126549
4,900000,461904977,33256019
4,900000,251161470,34431509
4,900000,248224547,33189181
4,900000,474971415,33060807
4,900000,247764409,33165366
4,900000,237941840,33015422
4,900000,254497272,34359871
4,900000,244330799,33100930
4,1000000,282152983,36723173
4,1000000,243971878,36945544
4,1000000,273681957,38085157
4,1000000,501207765,36754190
4,1000000,261170054,36578071
4,1000000,266876564,36676838
4,1000000,262482597,36942275
4,1000000,273595411,36708529
4,1000000,259043084,36624783
4,1000000,254952725,37765709
4,1000000,268781877,36733784
4,1000000,243869297,36886948
4,1000000,266168944,36687260
4,1000000,249370076,36617827
4,1000000,255836552,36671460
4,1000000,278178473,36873690
4,1000000,267130507,36695932
4,1000000,264865835,36788980
4,1000000,487708913,36706461
4,1000000,256371942,36791703
4,2000000,511644236,72984479
4,2000000,562963025,72660876
4,2000000,537583520,73025542
4,2000000,512605080,72557960
4,2000000,573578874,72774181
4,2000000,542102815,72299376
4,2000000,533906805,72541714
4,2000000,528200382,72779971
4,2000000,708156948,72713153
4,2000000,548935784,72384693
4,3000000,860367941,108718978
4,3000000,851395405,108444748
4,3000000,834160695,108712087
4,3000000,878036864,108725659
4,3000000,918355795,108551130
4,3000000,855856829,108462305
4,3000000,839103085,108625901
4,3000000,846844565,108579470
4,3000000,842015184,108641258
4,3000000,805036234,108436197
4,4000000,1078283072,144380366
4,4000000,1084803792,144146370
4,4000000,1057792421,144261409
4,4000000,1161908124,144345649
4,4000000,1074835724,144270085
4,4000000,1056311020,144357307
4,4000000,1216921851,144311155
4,4000000,1128730987,145494462
4,4000000,1084176161,144137598
4,4000000,1107270530,144624263
4,5000000,1257424329,180485306
4,5000000,1355092643,180477352
4,5000000,1409659960,179693401
4,5000000,1408761864,179790753
4,5000000,1456942430,180233604
4,5000000,1418474099,179821566
4,5000000,1418178987,179747627
4,5000000,1300915706,180289410
4,5000000,1414659811,179756824
4,5000000,1324414722,179850349
4,6000000,1480397634,216662430
4,6000000,1552990457,216834608
4,6000000,1570059979,217085888
4,6000000,1647229572,217142405
4,6000000,1631477022,216042115
4,6000000,1696976523,216423997
4,6000000,1875528856,216504464
4,6000000,1707868903,216704322
4,6000000,1719878518,215796618
4,6000000,1656573346,216624760
4,7000000,1926022745,251721359
4,7000000,1825263269,251691956
4,7000000,1829247049,252424382
4,7000000,1757198367,252666338
4,7000000,1773603281,252703252
4,7000000,1843427802,254755478
4,7000000,1795256328,252052955
4,7000000,1818411182,252668717
4,7000000,1905540587,251508440
4,7000000,1821029084,251830530
4,8000000,2098226328,288454947
4,8000000,2217709333,289000644
4,8000000,1978080395,289477026
4,8000000,2102792329,289078901
4,8000000,1946497405,288463299
4,8000000,2146190213,291349913
4,8000000,2366001286,289148954
4,8000000,2155602626,288524015
4,8000000,2232228243,290090761
4,8000000,2192825465,289352126
4,9000000,2388912689,325240919
4,9000000,2342440394,324901911
4,9000000,2461898516,324949784
4,9000000,2599386848,325298911
4,9000000,2529002960,325065302
4,9000000,2318831929,325088179
4,9000000,2966413787,325016796
4,9000000,2772288050,325666767
4,9000000,2861710439,325146930
4,9000000,2589325963,324875630
4,10000000,2764475153,360942942
4,10000000,2778910578,360923066
4,10000000,2602357053,360643393
4,10000000,2524499565,360716011
4,10000000,2629478478,359169500
4,10000000,2853873153,361264515
4,10000000,2764724512,360655118
4,10000000,2835759892,359305345
4,10000000,2837661143,359158583
4,10000000,2834390853,360683988
4,10000000,2808573753,359320143
4,10000000,2522724352,360833736
4,10000000,2795332531,360492927
4,10000000,2742064140,362487902
4,10000000,2868682203,359270056
4,10000000,2831423926,359180898
4,10000000,2823360690,359162579
4,10000000,2825141816,359360400
4,10000000,2621928923,359921098
4,10000000,2720341339,360580880
4,20000000,5694967377,720466949
4,20000000,5086589772,719518805
4,20000000,5042012005,719953857
4,20000000,5407002402,718428966
4,20000000,5050391460,720822945
4,20000000,5602317107,718558112
4,20000000,5318651730,718726705
4,20000000,5324156868,718697305
4,20000000,5331246552,718659660
4,20000000,5096660996,719480449
4,30000000,8044514229,1078405621
4,30000000,7633901556,1078552251
4,30000000,7640560407,1079414828
4,30000000,8090598347,1078295557
4,30000000,7186748910,1079383096
4,30000000,7446563050,1078664101
4,30000000,8202132085,1079305375
4,30000000,8201940577,1078903133
4,30000000,7595724292,1079036308
4,30000000,8105347712,1078830094
4,40000000,10450472174,1438052592
4,40000000,11770616136,1437909410
4,40000000,11255461118,1449799988
4,40000000,11140235090,1437103342
4,40000000,11049413328,1436580129
4,40000000,11241056542,1436643377
4,40000000,11125748153,1437405684
4,40000000,10427119150,1448518783
4,40000000,11200655527,1436405163
4,40000000,10287545794,1437505076
4,50000000,14175270520,1796458222
4,50000000,13875835426,1796161939
4,50000000,13007184215,1797482383
4,50000000,13954012799,1796897821
4,50000000,14775521761,1796512773
4,50000000,13944444391,1798277801
4,50000000,15183069534,1797583726
4,50000000,14217523079,1800431119
4,50000000,14409221026,1800198706
4,50000000,14243588275,1796830609
4,60000000,17238914296,2156672836
4,60000000,16017274082,2155087339
4,60000000,16264747050,2156095020
4,60000000,15223393049,2157027205
4,60000000,16190625812,2157285914
4,60000000,16915994079,2156594819
4,60000000,14985682308,2155920914
4,60000000,15430251822,2159012258
4,60000000,15220500337,2155511393
4,60000000,15437112904,2157234346
4,70000000,17990105767,2515483300
4,70000000,19474956908,2517222091
4,70000000,18427251836,2516638137
4,70000000,20353274887,2514677951
4,70000000,19693396343,2518682082
4,70000000,19298765034,2516222639
4,70000000,18270819502,2514554890
4,70000000,19404858611,2514739332
4,70000000,18464613976,2513958035
4,70000000,20357018510,2515522606
4,80000000,21013122557,2876324749
4,80000000,23728916226,2875107857
4,80000000,22415787760,2877267799
4,80000000,20881128365,2875102131
4,80000000,22442657425,2878378405
4,80000000,23718291232,2872427376
4,80000000,22346969855,2876085116
4,80000000,23488587328,2875428873
4,80000000,22157845960,2875400256
4,80000000,22873569253,2875222841
4,90000000,25224420314,3232916365
4,90000000,24353861461,3232908162
4,90000000,24724654454,3232530353
4,90000000,25182025052,3235372130
4,90000000,26187841650,3235023789
4,90000000,25351248506,3236768176
4,90000000,26440611411,3232881021
4,90000000,24958419593,3237378888
4,90000000,25655503929,3233786114
4,90000000,25306461633,3233543267
4,100000000,28037484503,3592469306
4,100000000,29601365092,3590990909
4,100000000,28423720141,3611384295
4,100000000,28194063843,3667867230
4,100000000,28286791650,3658575222
4,100000000,29544247905,3594921374
4,100000000,27802238841,3618576962
4,100000000,28190951625,3614218255
4,100000000,28209559707,3629765927
4,100000000,30809417726,3594707190
6,10000,5249107,754812
6,10000,5879447,861559
6,10000,6207063,883998
6,10000,5998475,877395
6,10000,5824997,874734
6,10000,5006533,879738
6,10000,5299060,868128
6,10000,5181816,899834
6,10000,5082407,871326
6,10000,5528612,904553
6,20000,7566450,1723152
6,20000,9076584,1721942
6,20000,9232792,1714392
6,20000,8951975,1721897
6,20000,7815540,1231985
6,20000,7175755,1738792
6,20000,6990306,1465926
6,20000,7647380,1718792
6,20000,7437947,1222976
6,20000,8095678,1730810
6,30000,10189933,2561048
6,30000,10898428,2599776
6,30000,10271532,1840392
6,30000,11178889,2610056
6,30000,10827608,2596773
6,30000,11438213,2587413
6,30000,11497929,2587420
6,30000,11666060,2576510
6,30000,10191994,1845048
6,30000,10012505,1868485
6,40000,13490500,3447052
6,40000,13119872,3495027
6,40000,14946352,3464394
6,40000,14194122,3450809
6,40000,12780480,3490966
6,40000,16118670,3484436
6,40000,13309961,3043349
6,40000,14008499,2650682
6,40000,12769878,3459959
6,40000,14641352,3498065
6,50000,15585321,4263066
6,50000,15714818,4258192
6,50000,13725809,3629409
6,50000,16510214,4249633
6,50000,14659125,3478581
6,50000,16513469,4278827
6,50000,17294136,4267008
6,50000,14154380,3702757
6,50000,15210425,4265334
6,50000,15438853,4272852
6,60000,18108737,4418488
6,60000,17865268,5027115
6,60000,17374098,5228200
6,60000,17013527,5247480
6,60000,16881335,3724320
6,60000,19969389,3719628
6,60000,18846441,5258936
6,60000,19679574,5255054
6,60000,18788416,3733622
6,60000,16989681,5107620
6,70000,19707388,6347306
6,70000,20373795,5969373
6,70000,20755842,5004685
6,70000,22249274,4247818
6,70000,20214150,5909483
6,70000,18905186,5322092
6,70000,19146705,5983146
6,70000,20436396,5979471
6,70000,21610452,5622397
6,70000,19402423,4258947
6,80000,23796706,7267039
6,80000,24106542,5336099
6,80000,21105278,7264669
6,80000,22555171,5276180
6,80000,23455071,7312009
6,80000,26355664,5353564
6,80000,24211039,7181772
6,80000,23543324,7185356
6,80000,24880657,7174555
6,80000,23180544,7213952
6,90000,25728863,7720136
6,90000,25265656,7659283
6,90000,24164336,6090044
6,90000,26152853,5489573
6,90000,26551421,7701921
6,90000,28905549,7452389
6,90000,24927595,6099628
6,90000,25550900,6555803
6,90000,29770992,7718983
6,90000,29245504,5461830
6,100000,26380029,6097517
6,100000,26053380,8463950
6,100000,26401867,8509673
6,100000,27198181,6050578
6,100000,27387189,8516899
6,100000,25863907,5840479
6,100000,28933289,8524184
6,100000,27996925,6714062
6,100000,27894368,8491278
6,100000,28486877,8469301
6,100000,27078128,8515060
6,100000,28047342,8342601
6,100000,28992043,6053564
6,100000,29904877,8476836
6,100000,26182407,8481631
6,100000,25982978,8505485
6,100000,27609244,6171806
6,100000,26873955,6062535
6,100000,25865665,6050296
6,100000,27673538,8555649
6,200000,55303673,13334279
6,200000,56495150,13547318
6,200000,49145455,12206980
6,200000,56388397,14233249
6,200000,54424955,12352184
6,200000,51407031,16574301
6,200000,51554783,13162601
6,200000,50660186,12257164
6,200000,49787082,12234881
6,200000,49105417,12699463
6,300000,71679591,18212460
6,300000,76185949,18246591
6,300000,74581822,18322673
6,300000,74693072,21806841
6,300000,73219294,18259226
6,300000,68158266,19560953
6,300000,77368266,18309245
6,300000,70177295,18390099
6,300000,74999177,18170607
6,300000,68772517,18219303
6,400000,95828318,24179812
6,400000,92776518,23656755
6,400000,86791223,23601688
6,400000,88647068,23733887
6,400000,88398808,24167048
6,400000,84757096,23722927
6,400000,101601025,23699597
6,400000,88123739,23673854
6,400000,94810012,23700057
6,400000,92016915,24232261
6,500000,110554057,29480027
6,500000,119357091,29247190
6,500000,107744502,29682762
6,500000,118748800,29193078
6,500000,116404645,29365636
6,500000,107084778,29744792
6,500000,105900585,29813458
6,500000,112676852,29378368
6,500000,112060659,29312490
6,500000,353330025,30781712
6,600000,137929235,36650090
6,600000,130672042,35962053
6,600000,134509630,35912295
6,600000,125525587,36027757
6,600000,144557771,35765451
6,600000,134854074,36379340
6,600000,132720621,35820244
6,600000,131676200,35923203
6,600000,137302472,35877536
6,600000,132546078,35756906
6,700000,158518375,42810037
6,700000,165118331,42418608
6,700000,160463352,42696129
6,700000,140369759,42598787
6,700000,144033934,42600431
6,700000,154431631,45559202
6,700000,149765855,42576887
6,700000,141274461,42846729
6,700000,149147070,42415986
6,700000,141001623,42706502
6,800000,168347669,47271264
6,800000,162016384,47120703
6,800000,174649668,47120677
6,800000,166840546,46775993
6,800000,158208791,47192302
6,800000,164851536,47051077
6,800000,177001539,47374093
6,800000,160674476,47130484
6,800000,391192054,47246290
6,800000,159578775,47232479
6,900000,382382608,53093215
6,900000,204677678,54037832
6,900000,186154172,52723959
6,900000,185164948,52699021
6,900000,400309117,52987035
6,900000,419353120,55844088
6,900000,422134581,52822263
6,900000,185654598,53870732
6,900000,195406398,52774381
6,900000,206963784,52817497
6,1000000,231197648,58778537
6,1000000,230456004,58506523
6,1000000,235257046,58955261
6,1000000,248176664,58896831
6,1000000,191670317,59064271
6,1000000,207485161,58312935
6,1000000,207129945,59621169
6,1000000,204818471,59281888
6,1000000,206270312,58845286
6,1000000,220678678,58711717
6,1000000,220778910,58755639
6,1000000,233545545,58811908
6,1000000,208902127,58745310
6,1000000,216228695,58898619
6,1000000,220810021,58778411
6,1000000,209393379,59103602
6,1000000,214416702,59255471
6,1000000,213945943,58932444
6,1000000,218583919,58908866
6,1000000,215902151,58908755
6,2000000,419650573,117253395
6,2000000,442313037,116679398
6,2000000,428424942,116247977
6,2000000,606225951,116809174
6,2000000,449786202,116507606
6,2000000,389994367,117126083
6,2000000,413572444,116830110
6,2000000,419095286,116955691
6,2000000,612495872,116522035
6,2000000,600162025,116862734
6,3000000,563611546,174904880
6,3000000,603365143,174762798
6,3000000,585070024,174975372
6,3000000,576588687,174976456
6,3000000,561486485,175675802
6,3000000,574866486,174672632
6,3000000,635143855,174536824
6,3000000,590262851,174914365
6,3000000,605680473,175737111
6,3000000,610901672,175031302
6,4000000,799256254,232683157
6,4000000,743779138,232588771
6,4000000,896647639,232765564
6,4000000,838321036,232624900
6,4000000,924568049,232860756
6,4000000,895292159,232727186
6,4000000,957160732,232699531
6,4000000,885152181,232782626
6,4000000,775818108,232839212
6,4000000,914305818,232844339
6,5000000,1029719796,291211742
6,5000000,1097917241,291310764
6,5000000,997420862,290820201
6,5000000,1025445985,290965767
6,5000000,1020060879,290867287
6,5000000,1395441627,290716865
6,5000000,1327973662,290623536
6,5000000,1108812918,290617268
6,5000000,1098268375,291036674
6,5000000,1118166788,290714813
6,6000000,1143168795,348283752
6,6000000,1225759536,348728412
6,6000000,1224331977,350042373
6,6000000,1212238815,348042510
6,6000000,1343117752,348376145
6,6000000,1411513752,348948495
6,6000000,1187053443,351525272
6,6000000,1112211314,348164213
6,6000000,1211457746,348671438
6,6000000,1105990715,349013454
6,7000000,1337717107,407299415
6,7000000,1459106788,407499916
6,7000000,1542566015,406589231
6,7000000,1474330374,407014408
6,7000000,1632611208,407198501
6,7000000,1467323309,407056587
6,7000000,1402215738,407019350
6,7000000,1484636977,407239681
6,7000000,1501988163,407088472
6,7000000,1471805480,407604021
6,8000000,1778620524,464363726
6,8000000,1599230909,463731033
6,8000000,1732773179,464152421
6,8000000,1569862874,464567524
6,8000000,1609023399,464456372
6,8000000,1724933124,464181419
6,8000000,1723231088,464066024
6,8000000,1791300953,464143768
6,8000000,1747853060,466359006
6,8000000,1710523321,464239492
6,9000000,1777977628,522886318
6,9000000,1839274767,522416566
6,9000000,1902490089,523925189
6,9000000,2157876286,522472837
6,9000000,1925338999,522145799
6,9000000,1959323041,523104387
6,9000000,1811905108,522546779
6,9000000,2067359696,522563388
6,9000000,2016224668,522457805
6,9000000,1821337691,523073392
6,10000000,2063579366,580374014
6,10000000,2171930020,581313821
6,10000000,2107595924,581332452
6,10000000,2072958504,580238605
6,10000000,2044185691,581068962
6,10000000,2116157297,581763133
6,10000000,2288974061,580912535
6,10000000,2242340828,580594837
6,10000000,2036580606,580254126
6,10000000,2160733519,580204980
6,10000000,2120832784,579975250
6,10000000,2054448618,581825079
6,10000000,2054272309,581266849
6,10000000,2170474461,580027766
6,10000000,2153879990,581067045
6,10000000,2153443784,580668196
6,10000000,2237108878,580056635
6,10000000,2030082480,581132827
6,10000000,2071647278,581460276
6,10000000,2147290163,581487992
6,20000000,4450247950,1159467384
6,20000000,4145221828,1159332933
6,20000000,4071970149,1161534741
6,20000000,4112595903,1167124187
6,20000000,4484616856,1159722180
6,20000000,4179491003,1161543574
6,20000000,4141103773,1160004318
6,20000000,4148745557,1159834347
6,20000000,4116237632,1160320114
6,20000000,4235313612,1160059506
6,30000000,6450544867,1740388916
6,30000000,6143334952,1739708544
6,30000000,5959481649,1740815559
6,30000000,5843075450,1740326658
6,30000000,6217273569,1740749015
6,30000000,6549867988,1740094075
6,30000000,6009387864,1740470667
6,30000000,6381551092,1740365965
6,30000000,6359187828,1741443107
6,30000000,6704899815,1740645633
6,40000000,8788768996,2322667163
6,40000000,8579000771,2322136199
6,40000000,8635131584,2320874816
6,40000000,8245336450,2318894353
6,40000000,8208335754,2321356845
6,40000000,9036234100,2320653872
6,40000000,8286842695,2319356806
6,40000000,8991411945,2320849624
6,40000000,9270794790,2324099970
6,40000000,9362470542,2319027239
6,50000000,11526185333,2994324614
6,50000000,11487215166,2995833601
6,50000000,11004420068,2996952231
6,50000000,10698904550,2995247292
6,50000000,11808638185,2995579675
6,50000000,10876726199,2984688820
6,50000000,10645789072,2974888069
6,50000000,10901346068,2995066847
6,50000000,11164911538,2996574834
6,50000000,9904147034,2997675729
6,60000000,11695773960,3480996058
6,60000000,12231135091,3480171008
6,60000000,12689252371,3479791511
6,60000000,13390864808,3481295730
6,60000000,13472262888,3479303885
6,60000000,13189927725,3484752147
6,60000000,13226094023,3479879475
6,60000000,12249511636,3478621259
6,60000000,13303426062,3480364560
6,60000000,12273003735,3480519054
6,70000000,14037996959,4059320801
6,70000000,14754851296,4060630124
6,70000000,16079215529,4059627202
6,70000000,15218760273,4060318347
6,70000000,15096399780,4072304835
6,70000000,16133454675,4063099723
6,70000000,15407506600,4061719286
6,70000000,15179154514,4065972508
6,70000000,15668040314,4058909071
6,70000000,16515483063,4059146172
6,80000000,17498965800,4637019212
6,80000000,16779392145,4648283533
6,80000000,16725426115,4639399342
6,80000000,18232207165,4638899666
6,80000000,18500714574,4637502497
6,80000000,17321885370,4638394341
6,80000000,17733520191,4639004626
6,80000000,17568116171,4637491405
6,80000000,18569840721,4638349868
6,80000000,18120550950,4638848279
6,90000000,21710346328,5221587296
6,90000000,18325095280,5219555434
6,90000000,18545781958,5220535648
6,90000000,18552094123,5217064145
6,90000000,18486001157,5219954405
6,90000000,19746987995,5221652714
6,90000000,18506328724,5217215464
6,90000000,18113422087,5219768645
6,90000000,18954980548,5218066483
6,90000000,18827097872,5222933679
6,100000000,20321138747,5984145491
6,100000000,22819676427,5931336707
6,100000000,20857738527,5888175523
6,100000000,20962974767,5889098872
6,100000000,21144548926,5883435488
6,100000000,20929674452,5883672312
6,100000000,20621029781,5845462183
6,100000000,22973856632,5938702858
6,100000000,19176830257,5838024730
6,100000000,19874934314,5854581719
8,10000,6259554,1175959
8,10000,5048324,1165873
8,10000,5400871,1160813
8,10000,5855989,999751
8,10000,4643854,816770
8,10000,4822628,1163482
8,10000,4745650,819881
8,10000,5325624,819347
8,10000,5449019,1192464
8,10000,4909412,1167059
8,20000,6378719,1620398
8,20000,7000230,2293460
8,20000,7193823,1971685
8,20000,7609482,1949225
8,20000,6833702,1608642
8,20000,6897825,1988319
8,20000,6339798,2276811
8,20000,7509988,1996017
8,20000,6986652,2299700
8,20000,6839307,2300353
8,30000,10389680,3494523
8,30000,8942463,2525108
8,30000,11128272,2470110
8,30000,9419793,3436169
8,30000,9763061,2498458
8,30000,9331567,2499759
8,30000,10323583,3489626
8,30000,9944909,3448052
8,30000,9912221,3501768
8,30000,10286939,3326984
8,40000,10492948,4612696
8,40000,12371203,4654257
8,40000,11923581,4603897
8,40000,10912252,4642870
8,40000,11505801,4620142
8,40000,11962361,4578255
8,40000,11186608,4644348
8,40000,12573168,4620790
8,40000,11401362,4664105
8,40000,11460144,4595275
8,50000,13139294,4859786
8,50000,13379294,5673082
8,50000,13934851,5027623
8,50000,12707276,4062818
8,50000,13366576,5549430
8,50000,13677180,5673881
8,50000,13646919,5723733
8,50000,12970179,4593089
8,50000,13292490,5674223
8,50000,12536036,5708036
8,60000,16658037,7327355
8,60000,17570566,6713445
8,60000,15037225,7320787
8,60000,15254110,7069759
8,60000,14651125,7314700
8,60000,14476828,7257260
8,60000,15928740,7206527
8,60000,14312825,5735243
8,60000,15351414,7270214
8,60000,16337594,7288478
8,70000,17319143,8464189
8,70000,18136573,7432692
8,70000,18278528,7042945
8,70000,16835427,6220294
8,70000,17828209,7126358
8,70000,18568923,8429770
8,70000,18601293,6200083
8,70000,17300804,8791141
8,70000,16997031,8529697
8,70000,16034692,8295267
8,80000,22541417,8594529
8,80000,22186954,9849554
8,80000,19694514,8537352
8,80000,21829780,9786138
8,80000,20786139,7177207
8,80000,20396137,8393449
8,80000,18754067,7869140
8,80000,22175672,7614065
8,80000,18136921,8950627
8,80000,20239900,9964956
8,90000,21044032,11102476
8,90000,21032741,10859217
8,90000,21938889,7887073
8,90000,20348360,8762165
8,90000,24250024,9963825
8,90000,22144923,7873001
8,90000,23818347,10783331
8,90000,22692480,9246958
8,90000,22907235,10422121
8,90000,20849768,7876339
8,100000,21602706,8639021
8,100000,26037427,10996217
8,100000,22408764,9117971
8,100000,23459465,9258446
8,100000,29009600,8523673
8,100000,25799564,10156559
8,100000,24009331,9492881
8,100000,25016259,11090783
8,100000,25429911,7868014
8,100000,25986493,9282892
8,100000,23489278,8536523
8,100000,24531890,10426252
8,100000,24648703,11777157
8,100000,25482757,7805960
8,100000,23792937,8444919
8,100000,24562285,11830426
8,100000,24075271,11099685
8,100000,25940932,9700054
8,100000,25062814,9765013
8,100000,22514186,10252088
8,200000,46834267,16671307
8,200000,48326639,20481782
8,200000,49078070,17151844
8,200000,49080882,16149785
8,200000,48687952,16160407
8,200000,48787371,19863649
8,200000,46008848,17670188
8,200000,51131131,18573065
8,200000,49199547,19197363
8,200000,46369252,19930825
8,300000,65253374,24483779
8,300000,62252392,24531835
8,300000,67055613,24019739
8,300000,75024929,24312115
8,300000,68935543,24340122
8,300000,63212795,25141401
8,300000,74662440,24604891
8,300000,66857530,24356361
8,300000,64003877,23839239
8,300000,62515656,26123883
8,400000,86768812,33725250
8,400000,86824230,32170899
8,400000,80445590,31904476
8,400000,81987800,31856488
8,400000,94301542,32537503
8,400000,92940552,33543497
8,400000,82862618,31745088
8,400000,80897296,31677278
8,400000,85707387,35490280
8,400000,80501736,32275782
8,500000,112314662,40344273
8,500000,107228618,39692822
8,500000,97218968,39598938
8,500000,95481208,40258001
8,500000,102512906,39555130
8,500000,102615241,40778980
8,500000,108477380,39602505
8,500000,115006683,42144413
8,500000,104629510,39544735
8,500000,98753205,39581025
8,600000,128581171,47554396
8,600000,129639094,47601771
8,600000,132185490,47333470
8,600000,134250966,47744998
8,600000,368142938,47486098
8,600000,132514807,47577878
8,600000,127711800,47886525
8,600000,131328073,49282167
8,600000,129284995,47497950
8,600000,123840748,46989015
8,700000,142382492,55768865
8,700000,142647130,54986235
8,700000,142674191,55072241
8,700000,149633537,55498064
8,700000,146826076,55959511
8,700000,377426041,55263152
8,700000,147161492,55271440
8,700000,148706686,55730711
8,700000,144805865,55606093
8,700000,168680157,58264074
8,800000,157066692,64807112
8,800000,171080589,66345388
8,800000,162522079,64294402
8,800000,160610053,67133271
8,800000,172059789,64270636
8,800000,161540184,64327201
8,800000,170481285,64560869
8,800000,151276646,64250240
8,800000,184302421,63971654
8,800000,161968021,64291552
8,900000,175906852,71582795
8,900000,175844863,72276065
8,900000,188951038,72247596
8,900000,180976950,72118465
8,900000,178841147,72078743
8,900000,178614303,72222967
8,900000,174479772,72038773
8,900000,181866225,71809181
8,900000,176728287,72568662
8,900000,178323402,72683386
8,1000000,415694825,79040616
8,1000000,217565440,79101967
8,1000000,215351956,80004894
8,1000000,194858401,79558430
8,1000000,187995939,79474555
8,1000000,193387957,79337090
8,1000000,201623807,79668971
8,1000000,199267904,79367057
8,1000000,189244218,79343532
8,1000000,224384710,79323888
8,1000000,183765857,79302780
8,1000000,199848550,79526643
8,1000000,182437293,79361895
8,1000000,190055559,79081913
8,1000000,179886365,80449171
8,1000000,187050721,79870709
8,1000000,207443997,79488838
8,1000000,208649136,80615267
8,1000000,206325922,79071651
8,1000000,192857618,79117014
8,2000000,489761111,156250082
8,2000000,514777306,157001636
8,2000000,367435688,156479311
8,2000000,383049123,156326538
8,2000000,388452703,156910082
8,2000000,575038449,157010844
8,2000000,373341560,155836621
8,2000000,393723742,155939770
8,2000000,768654283,160098563
8,2000000,362826254,155755928
8,3000000,746437087,234055678
8,3000000,895674751,233803686
8,3000000,567901646,233695490
8,3000000,661718005,233580213
8,3000000,728557169,233719380
8,3000000,556009337,233041968
8,3000000,595694526,233092099
8,3000000,556015169,233395398
8,3000000,667322666,233806795
8,3000000,698043946,233047882
8,4000000,887991729,311454101
8,4000000,936709049,311779254
8,4000000,775521478,310990287
8,4000000,1042222481,311325238
8,4000000,723550862,311016062
8,4000000,761886489,311314417
8,4000000,769439170,311099704
8,4000000,1093696886,311708057
8,4000000,726600865,312224374
8,4000000,855614348,312300684
8,5000000,862910630,388493557
8,5000000,1021381307,388851100
8,5000000,1026136315,389604684
8,5000000,998221744,388344953
8,5000000,1095404358,388501480
8,5000000,994815056,389438556
8,5000000,962225065,388909688
8,5000000,929677569,388349688
8,5000000,1068285041,388839097
8,5000000,932341352,388887096
8,6000000,1179275001,465866146
8,6000000,1147946065,466735681
8,6000000,1217498999,467741521
8,6000000,1184434061,467892046
8,6000000,1213661458,466363699
8,6000000,1194144597,466631908
8,6000000,1195960692,466629240
8,6000000,1197839767,465976124
8,6000000,1242511740,466782846
8,6000000,1109132308,466288398
8,7000000,1310720053,544083852
8,7000000,1396698105,543827910
8,7000000,1348478946,544528366
8,7000000,1263771410,545219673
8,7000000,1324173256,543835153
8,7000000,1459427833,544691241
8,7000000,1425663039,543520002
8,7000000,1380071167,545736954
8,7000000,1429843235,544366828
8,7000000,1350019117,543807137
8,8000000,1540617515,627326857
8,8000000,1438147824,628881953
8,8000000,1678566374,629649677
8,8000000,1456619157,624154992
8,8000000,1540691196,627619183
8,8000000,1421266756,626388649
8,8000000,1455115522,624366009
8,8000000,1778639521,629792566
8,8000000,1526275134,628150566
8,8000000,1558044021,626090438
8,9000000,1724460246,703088336
8,9000000,1717416773,699192289
8,9000000,1771417709,700160815
8,9000000,1736782438,699845321
8,9000000,1720889827,700256812
8,9000000,1811810264,700050934
8,9000000,1707607152,700315788
8,9000000,1769563095,699404787
8,9000000,1723031976,699386846
8,9000000,1747052031,699057998
8,10000000,1801343088,778098963
8,10000000,1801848874,781046775
8,10000000,1814858221,777050471
8,10000000,2065664641,776365052
8,10000000,1818862685,777990871
8,10000000,1806203262,777902253
8,10000000,1762691348,778163172
8,10000000,1946084159,777324532
8,10000000,1760925116,776750002
8,10000000,1914036794,777389074
8,10000000,1895402308,777292804
8,10000000,1884827521,777334733
8,10000000,1901016810,776699078
8,10000000,1889170098,776595087
8,10000000,1939905312,776097681
8,10000000,1824405134,776853462
8,10000000,1857218816,776769030
8,10000000,1980105871,776684238
8,10000000,1975304063,778738714
8,10000000,2040831199,778089141
8,20000000,3778147366,1553312943
8,20000000,3670893429,1554277250
8,20000000,3801992179,1554204825
8,20000000,3807389230,1553037932
8,20000000,3787191902,1557531303
8,20000000,3869753168,1553022040
8,20000000,3749979792,1553772182
8,20000000,3883803458,1556730944
8,20000000,3998175667,1557092460
8,20000000,3922299872,1554833491
8,30000000,5842194510,2330061049
8,30000000,6092682551,2330728697
8,30000000,5505039863,2330842507
8,30000000,5666863799,2329449934
8,30000000,5889617827,2335498878
8,30000000,5171059646,2329305367
8,30000000,5315425942,2333599408
8,30000000,5484872605,2330377341
8,30000000,5563420242,2332747628
8,30000000,5431266267,2330746915
8,40000000,8059196160,3107826985
8,40000000,7073399223,3106150001
8,40000000,7913430135,3106291517
8,40000000,8451310908,3106620852
8,40000000,8208516153,3106830193
8,40000000,7839794724,3107224006
8,40000000,7661591319,3106699158
8,40000000,7872775561,3107071791
8,40000000,8076563403,3112922967
8,40000000,7265112857,3110568269
8,50000000,9832667518,4054285736
8,50000000,10105962344,4023755512
8,50000000,10769704467,4020457003
8,50000000,10773609804,4048486162
8,50000000,9883115616,4042158818
8,50000000,10798484179,4026421796
8,50000000,10907021050,4025582535
8,50000000,10143544759,4024472100
8,50000000,11114847152,4021048946
8,50000000,10064474507,4048397796
8,60000000,13256837293,4662923152
8,60000000,11709405416,4664942845
8,60000000,11760027168,4689003015
8,60000000,12194837268,4698832314
8,60000000,12128794809,4659727851
8,60000000,12208660215,4661654833
8,60000000,11539598817,4658802645
8,60000000,11231239140,4660400573
8,60000000,12026410688,4669958083
8,60000000,12441103465,4689626149
8,70000000,14191657347,5435320856
8,70000000,14093773101,5437277535
8,70000000,14025327139,5437608277
8,70000000,13404794864,5435856011
8,70000000,14243049110,5439403908
8,70000000,14062463467,5441391197
8,70000000,14177745551,5440977421
8,70000000,14045536342,5441898769
8,70000000,14057935735,5440312787
8,70000000,14001064969,5438848327
8,80000000,16497421970,6218855481
8,80000000,15285328407,6215029046
8,80000000,15317290834,6215931415
8,80000000,15428505343,6213637849
8,80000000,15635893140,6238889367
8,80000000,16885196157,6223730195
8,80000000,15266574600,6233245545
8,80000000,17027401876,6225424008
8,80000000,16774312342,6214265569
8,80000000,16435470961,6217204034
8,90000000,19016548072,6994976760
8,90000000,19340032364,6989391445
8,90000000,18157874453,6988485911
8,90000000,18627087710,7003684738
8,90000000,18920122116,7008040615
8,90000000,18734775723,7012056848
8,90000000,18876461324,6990296158
8,90000000,20294978964,6990166521
8,90000000,19108253637,6991176400
8,90000000,18823552553,7004961392
8,100000000,22225427023,8043944166
8,100000000,21479677792,8051115846
8,100000000,21489258418,8038737263
8,100000000,20855076290,8018646080
8,100000000,21326614947,8189183344
8,100000000,21152428329,8025663809
8,100000000,20868972206,8021971372
8,100000000,21519757919,8057277521
8,100000000,21091578484,8148834748
8,100000000,21344668951,8189833725
10,10000,5095321,972210
10,10000,5272348,1162510
10,10000,4172275,987947
10,10000,4645472,1067957
10,10000,5203286,1367204
10,10000,5724295,1370186
10,10000,5034381,1361078
10,10000,6292266,1144485
10,10000,5532998,1379080
10,10000,5490573,1388632
10,20000,7262846,3262194
10,20000,6114931,3175507
10,20000,6945047,3184277
10,20000,6923937,3246825
10,20000,6545649,2460645
10,20000,7796076,2430667
10,20000,7392568,3265167
10,20000,6346346,3176331
10,20000,6698437,3010766
10,20000,7484147,2554162
10,30000,9342591,4038634
10,30000,9115747,2900737
10,30000,10998578,4030210
10,30000,9118164,2875925
10,30000,10069432,3911629
10,30000,9262210,4022316
10,30000,9138205,4046133
10,30000,8692790,4067427
10,30000,9290103,3976121
10,30000,10658475,4031449
10,40000,9770335,3835476
10,40000,10055354,5475594
10,40000,10638156,3844398
10,40000,10079313,5425870
10,40000,9869835,3834830
10,40000,9640689,5420375
10,40000,9938759,3986482
10,40000,10705642,5436305
10,40000,10908197,5425630
10,40000,10866191,5446145
10,50000,11128380,5534371
10,50000,11576958,6541400
10,50000,11684421,6757419
10,50000,12636729,4759577
10,50000,11919979,5915193
10,50000,13399261,6586038
10,50000,13673055,6685060
10,50000,11683153,6758236
10,50000,11885317,6675686
10,50000,12078340,6757866
10,60000,12548456,6405652
10,60000,12928628,6725262
10,60000,13767834,8151622
10,60000,14555767,7893371
10,60000,13629080,8124705
10,60000,13877251,8125073
10,60000,13861788,6628911
10,60000,13020971,8035456
10,60000,13985094,7933263
10,60000,14133469,7276719
10,70000,17186523,9786713
10,70000,16531752,7121902
10,70000,15708331,7149268
10,70000,15904497,8801091
10,70000,15993713,7436056
10,70000,14532844,8698714
10,70000,17647934,8878352
10,70000,19616267,8654557
10,70000,13822880,7130244
10,70000,14959129,9407852
10,80000,19983566,7606324
10,80000,16927564,7591586
10,80000,19005010,9156981
10,80000,18878037,8161494
10,80000,17655095,7524207
10,80000,17577425,10297258
10,80000,17403385,7636046
10,80000,18837589,9172889
10,80000,18188089,9222398
10,80000,17492980,10756159
10,90000,18943546,11263993
10,90000,20087075,9584509
10,90000,20758362,10078072
10,90000,19327594,10364526
10,90000,20086542,11362065
10,90000,20972427,9416948
10,90000,22231642,8620386
10,90000,21241992,11419019
10,90000,22177385,8562414
10,90000,20203515,9732260
10,100000,21231588,9519404
10,100000,22927637,9529789
10,100000,20237559,9618443
10,100000,23015487,10121537
10,100000,23996595,11782363
10,100000,20773103,9474766
10,100000,21639574,9482860
10,100000,27084545,9492933
10,100000,24003613,9541571
10,100000,22754337,11477208
10,100000,23020457,13306694
10,100000,22332012,9514196
10,100000,21858213,9819234
10,100000,23271257,12105023
10,100000,21104394,13365929
10,100000,23397431,12247116
10,100000,20881795,12473024
10,100000,25333914,11540589
10,100000,23877614,9525057
10,100000,23544531,13455310
10,200000,39827369,19090061
10,200000,38718563,21678827
10,200000,39217199,20309999
10,200000,42028834,21598220
10,200000,43642897,19008419
10,200000,41169989,19075602
10,200000,43099890,20157657
10,200000,44653839,19045898
10,200000,38991719,23118103
10,200000,43179363,23335093
10,300000,58862728,27759612
10,300000,61814977,27587615
10,300000,64132992,27803190
10,300000,58890348,28333926
10,300000,69463297,27509828
10,300000,57248225,27556273
10,300000,55830689,27668751
10,300000,55184881,27793220
10,300000,69591865,27839673
10,300000,61435513,27757597
10,400000,81091615,37121272
10,400000,76195424,37488437
10,400000,83229139,39237754
10,400000,81313300,36882082
10,400000,84122775,36831813
10,400000,89755592,37022740
10,400000,75458289,37015776
10,400000,76659057,37315789
10,400000,75384139,36836319
10,400000,77024891,37142976
10,500000,94886086,46650256
10,500000,93015648,47281594
10,500000,97652057,46817981
10,500000,92496956,47542988
10,500000,91620288,47046096
10,500000,91937901,47053749
10,500000,95164541,47030044
10,500000,99254339,46590538
10,500000,94151262,47180233
10,500000,90447903,46983666
10,600000,107195675,57056659
10,600000,103295154,56315253
10,600000,115688750,56236653
10,600000,108198213,56871843
10,600000,116848070,59152124
10,600000,104107728,56668290
10,600000,104507493,56451258
10,600000,117577943,56218099
10,600000,105320896,56835847
10,600000,103594569,56743901
10,700000,355191707,64525960
10,700000,363119414,64571680
10,700000,126202916,64389422
10,700000,122331266,64786072
10,700000,129349868,64364844
10,700000,559566762,68045081
10,700000,565408480,64917706
10,700000,127984590,65039961
10,700000,141460363,64431695
10,700000,141033677,65161576
10,800000,149496561,75402502
10,800000,142146482,73782068
10,800000,150013004,75137499
10,800000,148582430,73620400
10,800000,153135636,73615873
10,800000,147692344,73709853
10,800000,143932238,74199942
10,800000,153937373,73745049
10,800000,153646762,74095552
10,800000,148007346,74084149
10,900000,174890269,84445144
10,900000,172866850,85014465
10,900000,182664978,84774407
10,900000,161123812,83807114
10,900000,162809833,84557738
10,900000,162201891,84459837
10,900000,170350095,85074045
10,900000,182161178,83732831
10,900000,162951429,84486227
10,900000,165674525,84935272
10,1000000,183208896,93076038
10,1000000,191291666,93361799
10,1000000,412937816,93776186
10,1000000,177729213,93956774
10,1000000,187127670,93372648
10,1000000,178691506,93831528
10,1000000,184011331,94370526
10,1000000,188932656,93847128
10,1000000,188907591,93079851
10,1000000,206193661,93251595
10,1000000,179281175,94008617
10,1000000,189748125,93993217
10,1000000,187593359,93590033
10,1000000,199917785,93159487
10,1000000,177350155,93871842
10,1000000,192189427,93476243
10,1000000,398295827,93140545
10,1000000,197635273,93460271
10,1000000,186803789,93469024
10,1000000,188148848,93349550
10,2000000,334152063,181142683
10,2000000,363054200,182495050
10,2000000,347889572,183145416
10,2000000,357573264,181808124
10,2000000,364113396,183554648
10,2000000,344874169,183784092
10,2000000,533173092,182390456
10,2000000,498232815,185831509
10,2000000,361466305,184989455
10,2000000,550879972,182227704
10,3000000,856863774,273068666
10,3000000,680105838,272175628
10,3000000,690825130,274183921
10,3000000,666439032,276029095
10,3000000,810793217,271948612
10,3000000,513470615,274260793
10,3000000,498220162,276424887
10,3000000,655679128,271991700
10,3000000,646154450,273810725
10,3000000,805820601,274974622
10,4000000,752678865,362293200
10,4000000,806043387,364061322
10,4000000,815144390,362334891
10,4000000,749731843,363128863
10,4000000,782002796,363557249
10,4000000,795609524,362548679
10,4000000,833858273,362840063
10,4000000,670709998,362837053
10,4000000,783749475,362974394
10,4000000,789604884,363384189
10,5000000,824515346,452641824
10,5000000,929430971,452280389
10,5000000,832364877,451875503
10,5000000,804492095,453200264
10,5000000,883116729,455502025
10,5000000,969178123,451644169
10,5000000,1184344764,452310752
10,5000000,936577758,452405326
10,5000000,928806359,452403424
10,5000000,814641748,452995264
10,6000000,981746572,545007964
10,6000000,1104287949,544519355
10,6000000,1222530909,545350545
10,6000000,1003948523,547295520
10,6000000,1118276285,545898416
10,6000000,1076699439,545394179
10,6000000,1350241165,542866793
10,6000000,992721546,542006169
10,6000000,1322840687,542072656
10,6000000,1042572446,542780779
10,7000000,1525487744,641790632
10,7000000,1279500403,632534241
10,7000000,1213019611,637655430
10,7000000,1432633534,634635255
10,7000000,1330248553,640424304
10,7000000,1451851994,631979842
10,7000000,1179837178,633519110
10,7000000,1187186095,631974072
10,7000000,1341975455,635650456
10,7000000,1434976219,634725769
10,8000000,1663566789,723285700
10,8000000,1451243686,722605445
10,8000000,1513061553,722970690
10,8000000,1429936373,722289012
10,8000000,1687725881,723358525
10,8000000,1684281996,722375410
10,8000000,1488821226,723235349
10,8000000,1755684862,722897629
10,8000000,1378889631,722455957
10,8000000,1505970509,730245823
10,9000000,1596746960,814072229
10,9000000,1549670079,814126818
10,9000000,1599135791,813971439
10,9000000,1593056411,814522778
10,9000000,1540339713,814646499
10,9000000,1812561245,812720961
10,9000000,1589544380,813510693
10,9000000,1623911373,812963783
10,9000000,1506732463,813084259
10,9000000,1641341083,818524182
10,10000000,1599765138,911092201
10,10000000,1581016266,911212847
10,10000000,1660739876,909885097
10,10000000,1704004210,906668838
10,10000000,1722906449,914364399
10,10000000,1676473855,911337454
10,10000000,1852705264,906495633
10,10000000,1718562797,905831826
10,10000000,1712125953,911197460
10,10000000,1632414753,916014688
10,10000000,1781969848,908269194
10,10000000,1813921896,911945993
10,10000000,1777976613,916054204
10,10000000,1633517405,902843440
10,10000000,1890488696,909387905
10,10000000,1639832748,909635793
10,10000000,1639907655,912501538
10,10000000,1656103117,907205220
10,10000000,1890494379,918026810
10,10000000,2043861209,911730106
10,20000000,3462468782,1842581815
10,20000000,3442540180,1821422034
10,20000000,3497498296,1847213039
10,20000000,3517116078,1846524793
10,20000000,3365325144,1831968516
10,20000000,3316609871,1846881933
10,20000000,3173907927,1842147045
10,20000000,3408895390,1833931713
10,20000000,3359558629,1845897075
10,20000000,3513538093,1833678691
10,30000000,5612766665,2708064102
10,30000000,5236437076,2722995661
10,30000000,5560617433,2714016256
10,30000000,5427560924,2720874504
10,30000000,5596541087,2707544003
10,30000000,5351902686,2717680249
10,30000000,5721973873,2707357316
10,30000000,5243054393,2725116639
10,30000000,5273377078,2708242967
10,30000000,5387118255,2708423879
10,40000000,7114038137,3615704017
10,40000000,6770374275,3611794240
10,40000000,7011890972,3617365270
10,40000000,6918495230,3609641740
10,40000000,7440454549,3611625615
10,40000000,7005724391,3629149403
10,40000000,6944177888,3614830163
10,40000000,7250295835,3610118985
10,40000000,6829988750,3612028351
10,40000000,6696189670,3611707292
10,50000000,8430141689,4535602757
10,50000000,8645435248,4538437136
10,50000000,9160785703,4540328295
10,50000000,8487118028,4539256758
10,50000000,9146445286,4541615078
10,50000000,8584311885,4548806056
10,50000000,9266127578,4537548591
10,50000000,9585786540,4540143953
10,50000000,9806814710,4513359242
10,50000000,9709110681,4534461427
10,60000000,10971489420,5455634159
10,60000000,11358930786,5431500475
10,60000000,11304637635,5426410108
10,60000000,11503854828,5415002296
10,60000000,11431384200,5434099961
10,60000000,11036995271,5427226833
10,60000000,11430563996,5415507154
10,60000000,11880216554,5416050766
10,60000000,11122601934,5425653981
10,60000000,11078417248,5430905537
10,70000000,13048548842,6373299366
10,70000000,13060125974,6386403593
10,70000000,12357823309,6320944307
10,70000000,12577793579,6394255982
10,70000000,12348946581,6388293212
10,70000000,12720959749,6321084238
10,70000000,12792505717,6322971263
10,70000000,12771833615,6381145591
10,70000000,11969321497,6318252997
10,70000000,12021757605,6322508325
10,80000000,14289203807,7223719928
10,80000000,15004356496,7224710101
10,80000000,14611115174,7224503255
10,80000000,15251212256,7241870780
10,80000000,14450259888,7225603705
10,80000000,13966198958,7237399860
10,80000000,14355540647,7221652869
10,80000000,14928779152,7225057647
10,80000000,14307733275,7243543093
10,80000000,14305892099,7222944685
10,90000000,15941039430,8125662767
10,90000000,16387692954,8174489457
10,90000000,16309033453,8127500432
10,90000000,15712940047,8179439863
10,90000000,16992202585,8126937605
10,90000000,16534929211,8175174088
10,90000000,16079004047,8174676145
10,90000000,16782575196,8128194925
10,90000000,16151422455,8130153661
10,90000000,16181972463,8174198476
10,100000000,19530385062,9034198368
10,100000000,17904516347,9055112776
10,100000000,18692471646,9058830186
10,100000000,19640336617,9101977585
10,100000000,18773609944,9031563586
10,100000000,19200905512,9031723783
10,100000000,18127848303,9072329085
10,100000000,18486816142,9127049916
10,100000000,18944725202,9093826328
10,100000000,18983874891,9069792807
12,10000,4762599,1078135
12,10000,5603949,1076323
12,10000,5885466,1084914
12,10000,5059079,1529047
12,10000,6975524,1532568
12,10000,5289163,1133792
12,10000,5563008,1561806
12,10000,5690450,1181896
12,10000,5907193,1542027
12,10000,5298122,1515298
12,20000,7172526,3137421
12,20000,6445360,3584575
12,20000,7203533,3534466
12,20000,6437082,3531770
12,20000,6976932,3124418
12,20000,7658756,3590150
12,20000,8588276,3551932
12,20000,7873237,3602742
12,20000,6383052,3541248
12,20000,6719750,3629661
12,30000,8816923,4492168
12,30000,8828663,4548457
12,30000,18253321,3271263
12,30000,8913062,4548714
12,30000,8815088,3228275
12,30000,9440893,4555897
12,30000,8629149,4565908
12,30000,9053514,4502616
12,30000,10134325,4573878
12,30000,9758618,4547701
12,40000,10704616,4290486
12,40000,9898236,4286271
12,40000,9596393,6100872
12,40000,9757190,6105740
12,40000,10525411,6018479
12,40000,11806796,6092628
12,40000,10805398,6035494
12,40000,10333077,4268275
12,40000,9760388,6050804
12,40000,10539759,5175709
12,50000,11334966,7549577
12,50000,11461097,7559592
12,50000,12417505,5385752
12,50000,12234011,7540241
12,50000,10944487,5323026
12,50000,12860257,7538485
12,50000,12683541,5370682
12,50000,11579164,5363273
12,50000,11522717,6882387
12,50000,11392019,5369590
12,60000,12880137,9626358
12,60000,13633283,8736719
12,60000,13033537,9629616
12,60000,13850321,8174921
12,60000,11704842,8915257
12,60000,11688394,7011112
12,60000,12063767,7254548
12,60000,13944421,9674325
12,60000,13058751,9423312
12,60000,12022232,8269075
12,70000,13855925,10901227
12,70000,15267258,10300176
12,70000,14952459,11045820
12,70000,14739085,8110605
12,70000,15623794,8104490
12,70000,16299912,10663561
12,70000,14802059,8143601
12,70000,15614796,11240168
12,70000,15529572,8719143
12,70000,14479780,8125762
12,80000,18121405,9787939
12,80000,16291836,10857833
12,80000,16297285,12321053
12,80000,16979658,11036694
12,80000,16871869,12724631
12,80000,15279937,9258912
12,80000,14591164,11268386
12,80000,16879251,11602964
12,80000,16695542,12446527
12,80000,16201020,9182205
12,90000,19649687,9605180
12,90000,20345685,13033466
12,90000,18702047,13460094
12,90000,20897565,10379286
12,90000,17639543,11736062
12,90000,18976773,13604554
12,90000,19271279,9614330
12,90000,19811924,12096318
12,90000,21784739,12498837
12,90000,20269733,12801224
12,100000,20467347,10985170
12,100000,20091687,11941763
12,100000,21623329,14265849
12,100000,22101330,12667783
12,100000,22537471,12411115
12,100000,23141446,14262063
12,100000,19649975,12755313
12,100000,19959543,11964285
12,100000,21070380,15080325
12,100000,23187710,14235575
12,100000,21315047,10690747
12,100000,20004714,13508260
12,100000,21318932,11823322
12,100000,22493421,13327888
12,100000,20086525,12789223
12,100000,20058953,10623782
12,100000,22276614,13482866
12,100000,21478839,13469379
12,100000,20252134,10586820
12,100000,21717798,12921517
12,200000,39639228,22463411
12,200000,43901455,22295358
12,200000,39281937,21406855
12,200000,37115985,22417756
12,200000,40196901,21431046
12,200000,40004889,22412054
12,200000,44213306,21180057
12,200000,39411771,21133245
12,200000,44733444,21600414
12,200000,38733742,21372672
12,300000,58306079,32023199
12,300000,60870799,31764849
12,300000,58701469,32131849
12,300000,61743441,35102449
12,300000,67528087,31774059
12,300000,60804671,31783412
12,300000,61476741,32000134
12,300000,58043583,31762093
12,300000,58711556,31853563
12,300000,55803011,31703365
12,400000,85824877,42824211
12,400000,71359089,42849910
12,400000,320975975,42835041
12,400000,77675257,42781755
12,400000,78417808,42859883
12,400000,77136646,42778076
12,400000,69610705,42841868
12,400000,317466009,45633989
12,400000,74284374,42601996
12,400000,81186012,42551566
12,500000,98116105,53027263
12,500000,88777779,52960015
12,500000,89782737,53234959
12,500000,91613343,53011286
12,500000,530868194,54179705
12,500000,87863477,53233363
12,500000,91831557,54141977
12,500000,90002918,53247096
12,500000,90177617,53227099
12,500000,88424134,53285152
12,600000,107977362,63832410
12,600000,108756083,63826801
12,600000,344888483,63849428
12,600000,112100116,63932458
12,600000,102691537,63543151
12,600000,109488388,63371222
12,600000,107477249,63844986
12,600000,109696366,63460621
12,600000,108304692,63675129
12,600000,100856021,63908169
12,700000,118744657,74798810
12,700000,112922808,74492779
12,700000,116474106,74544585
12,700000,359250058,76179506
12,700000,122167987,74727382
12,700000,125286773,74549423
12,700000,124756024,74763425
12,700000,114648794,74636095
12,700000,124131821,74873705
12,700000,133691832,74517019
12,800000,567849428,84160983
12,800000,146836858,84293061
12,800000,144802067,83981143
12,800000,135259250,84182242
12,800000,134093834,84107301
12,800000,158592025,84492341
12,800000,161413927,84640463
12,800000,147933021,84602284
12,800000,133298048,84526552
12,800000,132790155,85928548
12,900000,152942565,94149016
12,900000,150804527,94910400
12,900000,391920479,94056676
12,900000,167715978,93774807
12,900000,164473546,93666600
12,900000,152368640,93951597
12,900000,158521767,94781830
12,900000,185476499,94049688
12,900000,378496072,94130298
12,900000,164659556,94852526
12,1000000,177033256,104043009
12,1000000,183084975,103987764
12,1000000,179362741,105051555
12,1000000,170167841,104137419
12,1000000,174356636,104290864
12,1000000,179045167,105834568
12,1000000,180816058,104986582
12,1000000,207768867,104824178
12,1000000,181028836,104884994
12,1000000,407866856,104120863
12,1000000,180161119,104638169
12,1000000,182200384,104666736
12,1000000,179113375,104339930
12,1000000,184856819,104205104
12,1000000,187239334,104818768
12,1000000,170882127,104278486
12,1000000,195703690,104663744
12,1000000,401560247,106645579
12,1000000,192809574,104570537
12,1000000,180274550,104732300
12,2000000,329812892,206816269
12,2000000,519775731,206907318
12,2000000,346529725,207066325
12,2000000,534338346,209593329
12,2000000,516712981,210249684
12,2000000,703169571,210312279
12,2000000,720558947,209079870
12,2000000,531193738,208459471
12,2000000,394005338,210026311
12,2000000,476407656,208429576
12,3000000,625657106,307068351
12,3000000,522359874,306051001
12,3000000,539799381,308243493
12,3000000,637050239,309579129
12,3000000,628723748,306568931
12,3000000,641489805,310597482
12,3000000,648406895,309396207
12,3000000,671637737,307187526
12,3000000,649579787,307337896
12,3000000,481396624,306965663
12,4000000,696178921,409801162
12,4000000,770573544,413350798
12,4000000,850578150,410686746
12,4000000,984486503,410034593
12,4000000,767681040,415587950
12,4000000,783066436,415975996
12,4000000,948969614,410379978
12,4000000,684263951,409597546
12,4000000,942890175,408419958
12,4000000,947863896,411021709
12,5000000,995820566,512730818
12,5000000,909590735,511322402
12,5000000,977821471,513048364
12,5000000,924218267,519416485
12,5000000,835582839,512062328
12,5000000,1138440377,511949407
12,5000000,979212516,512977694
12,5000000,879667827,511979912
12,5000000,969272942,510344797
12,5000000,873793654,512680347
12,6000000,1094406494,612249336
12,6000000,1068405433,618650293
12,6000000,1064200438,611873119
12,6000000,1035058731,619440801
12,6000000,1040492508,617733487
12,6000000,1044708823,616104808
12,6000000,1059407747,614752661
12,6000000,1035467869,616025963
12,6000000,999353450,612163386
12,6000000,1194502578,619644366
12,7000000,1230245405,714304397
12,7000000,1210186631,716386707
12,7000000,1234824832,713628613
12,7000000,1152086817,714710434
12,7000000,1224267033,713527990
12,7000000,1288520496,717082475
12,7000000,1174067143,714316305
12,7000000,1289187137,713718945
12,7000000,1362172599,717429408
12,7000000,1419598095,716770985
12,8000000,1384602499,817105672
12,8000000,1422967321,818228062
12,8000000,1463297312,819694458
12,8000000,1395504583,821522529
12,8000000,1418692709,818204985
12,8000000,1403073757,816295752
12,8000000,1382994999,816030860
12,8000000,1451844189,824074717
12,8000000,1689565620,816177293
12,8000000,1469504856,816069338
12,9000000,1687423613,920768639
12,9000000,1775694544,917516695
12,9000000,1550064504,918193498
12,9000000,1506451081,917245341
12,9000000,1680014693,918093813
12,9000000,1620803767,919214840
12,9000000,1725686099,919116987
12,9000000,1515486340,917069788
12,9000000,1705048425,918048059
12,9000000,1495028635,917045667
12,10000000,1812740952,1026220358
12,10000000,1997342600,1025221434
12,10000000,1672563534,1027224915
12,10000000,1867449544,1026659304
12,10000000,1752070082,1026677703
12,10000000,1728318784,1028055753
12,10000000,1763401027,1024854146
12,10000000,1765738647,1027477090
12,10000000,1717097703,1026162426
12,10000000,1756153849,1030888509
12,10000000,1751930669,1029181100
12,10000000,1907308879,1026469670
12,10000000,1716690664,1027118442
12,10000000,1878715867,1026497345
12,10000000,1974381937,1026597689
12,10000000,1903571794,1031368539
12,10000000,1747065117,1039279130
12,10000000,1731850761,1029017273
12,10000000,1785661708,1028299968
12,10000000,1766705605,1026785153
12,20000000,3604679462,2046601310
12,20000000,3594524622,2047172705
12,20000000,3651194972,2047606239
12,20000000,3362630027,2047993147
12,20000000,3408895619,2044545378
12,20000000,3625865789,2058656783
12,20000000,3498850862,2043391506
12,20000000,3385300393,2045102496
12,20000000,3291742276,2042345863
12,20000000,3430659000,2051955938
12,30000000,5503422379,3066133306
12,30000000,5260445954,3081317650
12,30000000,5200045692,3063944968
12,30000000,5292115976,3079614941
12,30000000,5585701300,3065347492
12,30000000,5017790229,3084818928
12,30000000,5360581024,3064866235
12,30000000,5309253980,3065368917
12,30000000,4920179691,3077806948
12,30000000,5310568992,3079153227
12,40000000,7133132027,4092688807
12,40000000,6848795606,4089791588
12,40000000,7173177229,4141077788
12,40000000,7295804507,4076905808
12,40000000,7233090058,4079187571
12,40000000,6797939234,4078690514
12,40000000,6977413655,4085565169
12,40000000,6879052227,4077536194
12,40000000,7373148472,4097334852
12,40000000,6747858040,4087583719
12,50000000,9225765341,5584196113
12,50000000,8909382024,5579239046
12,50000000,9007049443,5559115162
12,50000000,8501524534,5585919781
12,50000000,8451623746,5580109682
12,50000000,8725523915,5578340905
12,50000000,9265071263,5578050725
12,50000000,9169457010,5582823343
12,50000000,8575189863,5582069251
12,50000000,8712254951,5568514683
12,60000000,11135062538,6131100094
12,60000000,9790043711,6113773471
12,60000000,10505962326,6175333140
12,60000000,11406430028,6114148147
12,60000000,9903842590,6176305602
12,60000000,10948801612,6115478070
12,60000000,10821613677,6186289404
12,60000000,11222796509,6196172785
12,60000000,11265255232,6178109597
12,60000000,10402192423,6131155667
12,70000000,12613846667,7186537674
12,70000000,13322480681,7201828438
12,70000000,13595782453,7132505657
12,70000000,12896589969,7192842147
12,70000000,13128012938,7134366261
12,70000000,12148623453,7181275175
12,70000000,12930116602,7150356796
12,70000000,12831255860,7135844310
12,70000000,13326124658,7133876821
12,70000000,12851555836,7186912229
12,80000000,14329573209,8196961372
12,80000000,14780533202,8157848850
12,80000000,14082574822,8153873478
12,80000000,14876428613,8155086136
12,80000000,14946450915,8159658488
12,80000000,15304128198,8156323279
12,80000000,15005850031,8155444601
12,80000000,15431819346,8154759754
12,80000000,15008316803,8154631315
12,80000000,15213522800,8154640038
12,90000000,16974962271,9237518566
12,90000000,16313027015,9173355216
12,90000000,16754187411,9173411163
12,90000000,16874249435,9195829680
12,90000000,15932760144,9174948174
12,90000000,16021254907,9187409825
12,90000000,15318014618,9342614844
12,90000000,16040683777,9223119283
12,90000000,15557060342,9231478744
12,90000000,16379149993,9173568096
12,100000000,18561148359,11024156372
12,100000000,17796837280,10876199870
12,100000000,17636010040,11062978983
12,100000000,18213502518,11310248444
12,100000000,17818255778,11086490650
12,100000000,17374498884,11038038590
12,100000000,18212353560,10956654735
12,100000000,17430034894,11252095553
12,100000000,18917976127,10978746336
12,100000000,18057128419,10906614871
